timestamp, utilization.gpu [%], pstate, temperature.gpu, clocks.current.sm [MHz], power.draw [W], power.draw.instant [W]
2023/07/14 10:12:46.483, 0, P0, 37, 1410, 56.12, 56.12
2023/07/14 10:12:46.499, 0, P0, 37, 1410, 56.12, 56.12
2023/07/14 10:12:46.513, 0, P0, 37, 1410, 56.12, 60.42
2023/07/14 10:12:46.528, 0, P0, 37, 1410, 60.42, 60.42
2023/07/14 10:12:46.541, 0, P0, 37, 1410, 60.42, 60.42
2023/07/14 10:12:46.554, 0, P0, 37, 1410, 60.42, 60.42
2023/07/14 10:12:46.570, 0, P0, 37, 1410, 60.42, 60.42
2023/07/14 10:12:46.587, 0, P0, 37, 1410, 60.42, 60.42
2023/07/14 10:12:46.601, 0, P0, 37, 1410, 60.42, 60.42
2023/07/14 10:12:46.615, 0, P0, 37, 1410, 60.42, 60.52
2023/07/14 10:12:46.629, 0, P0, 37, 1410, 60.52, 60.52
2023/07/14 10:12:46.646, 0, P0, 37, 1410, 60.52, 60.52
2023/07/14 10:12:46.662, 0, P0, 37, 1410, 60.52, 60.52
2023/07/14 10:12:46.676, 0, P0, 37, 1410, 60.52, 60.52
2023/07/14 10:12:46.689, 0, P0, 37, 1410, 60.52, 60.52
2023/07/14 10:12:46.703, 0, P0, 37, 1410, 60.52, 60.52
2023/07/14 10:12:46.716, 0, P0, 37, 1410, 60.52, 60.62
2023/07/14 10:12:46.730, 0, P0, 37, 1410, 60.62, 60.62
2023/07/14 10:12:46.743, 0, P0, 37, 1410, 60.62, 60.62
2023/07/14 10:12:46.757, 0, P0, 37, 1410, 60.62, 60.62
2023/07/14 10:12:46.769, 0, P0, 37, 1410, 60.62, 60.62
2023/07/14 10:12:46.784, 0, P0, 37, 1410, 60.62, 60.62
2023/07/14 10:12:46.797, 0, P0, 37, 1410, 60.62, 60.62
2023/07/14 10:12:46.809, 0, P0, 37, 1410, 60.62, 60.62
2023/07/14 10:12:46.825, 0, P0, 37, 1410, 59.28, 59.28
2023/07/14 10:12:46.838, 0, P0, 37, 1410, 59.28, 59.28
2023/07/14 10:12:46.850, 0, P0, 37, 1410, 59.28, 59.28
2023/07/14 10:12:46.864, 0, P0, 37, 1410, 59.28, 59.28
2023/07/14 10:12:46.877, 0, P0, 37, 1410, 59.28, 59.28
2023/07/14 10:12:46.890, 2, P0, 37, 1410, 59.28, 59.28
2023/07/14 10:12:46.904, 2, P0, 37, 1410, 59.28, 59.28
2023/07/14 10:12:46.917, 2, P0, 37, 1410, 59.28, 59.28
2023/07/14 10:12:46.930, 2, P0, 37, 1410, 59.39, 59.39
2023/07/14 10:12:46.945, 2, P0, 37, 1410, 59.39, 59.39
2023/07/14 10:12:46.957, 2, P0, 37, 1410, 59.39, 59.39
2023/07/14 10:12:46.969, 2, P0, 37, 1410, 59.39, 59.39
2023/07/14 10:12:46.984, 2, P0, 37, 1410, 59.39, 59.39
2023/07/14 10:12:46.996, 2, P0, 37, 1410, 59.39, 59.39
2023/07/14 10:12:47.008, 2, P0, 37, 1410, 59.39, 59.39
2023/07/14 10:12:47.023, 2, P0, 37, 1410, 58.62, 58.62
2023/07/14 10:12:47.036, 2, P0, 37, 1410, 58.62, 58.62
2023/07/14 10:12:47.048, 2, P0, 37, 1410, 58.62, 58.62
2023/07/14 10:12:47.063, 2, P0, 37, 1410, 58.62, 58.62
2023/07/14 10:12:47.075, 2, P0, 37, 1410, 58.62, 58.62
2023/07/14 10:12:47.088, 0, P0, 37, 1410, 58.62, 58.62
2023/07/14 10:12:47.101, 0, P0, 37, 1410, 58.62, 58.62
2023/07/14 10:12:47.113, 0, P0, 37, 1410, 58.62, 58.62
2023/07/14 10:12:47.127, 0, P0, 37, 1410, 58.72, 58.72
2023/07/14 10:12:47.140, 0, P0, 37, 1410, 58.72, 58.72
2023/07/14 10:12:47.152, 0, P0, 37, 1410, 58.72, 58.72
2023/07/14 10:12:47.167, 0, P0, 37, 1410, 58.72, 58.72
2023/07/14 10:12:47.180, 0, P0, 37, 1410, 58.72, 58.72
2023/07/14 10:12:47.192, 0, P0, 37, 1410, 58.72, 58.72
2023/07/14 10:12:47.206, 0, P0, 37, 1410, 58.72, 58.72
2023/07/14 10:12:47.219, 0, P0, 37, 1410, 58.72, 58.72
2023/07/14 10:12:47.231, 0, P0, 37, 1410, 59.39, 59.39
2023/07/14 10:12:47.245, 0, P0, 37, 1410, 59.39, 59.39
2023/07/14 10:12:47.258, 0, P0, 37, 1410, 59.39, 59.39
2023/07/14 10:12:47.270, 0, P0, 37, 1410, 59.39, 59.39
2023/07/14 10:12:47.284, 0, P0, 37, 1410, 59.39, 59.39
2023/07/14 10:12:47.297, 0, P0, 37, 1410, 59.39, 59.39
2023/07/14 10:12:47.310, 0, P0, 37, 1410, 59.39, 59.39
2023/07/14 10:12:47.322, 0, P0, 37, 1410, 59.39, 59.39
2023/07/14 10:12:47.335, 0, P0, 37, 1410, 59.29, 59.29
2023/07/14 10:12:47.349, 0, P0, 37, 1410, 59.29, 59.29
2023/07/14 10:12:47.361, 0, P0, 37, 1410, 59.29, 59.29
2023/07/14 10:12:47.374, 0, P0, 37, 1410, 59.29, 59.29
2023/07/14 10:12:47.389, 0, P0, 37, 1410, 59.29, 59.29
2023/07/14 10:12:47.402, 0, P0, 37, 1410, 59.29, 59.29
2023/07/14 10:12:47.414, 0, P0, 37, 1410, 59.29, 59.29
2023/07/14 10:12:47.429, 0, P0, 37, 1410, 58.52, 58.52
2023/07/14 10:12:47.441, 0, P0, 37, 1410, 58.52, 58.52
2023/07/14 10:12:47.453, 0, P0, 37, 1410, 58.52, 58.52
2023/07/14 10:12:47.468, 0, P0, 37, 1410, 58.52, 58.52
2023/07/14 10:12:47.480, 0, P0, 37, 1410, 58.52, 58.52
2023/07/14 10:12:47.493, 0, P0, 37, 1410, 58.52, 58.52
2023/07/14 10:12:47.506, 0, P0, 37, 1410, 58.52, 58.52
2023/07/14 10:12:47.518, 0, P0, 37, 1410, 58.52, 58.52
2023/07/14 10:12:47.532, 0, P0, 37, 1410, 58.72, 58.72
2023/07/14 10:12:47.545, 0, P0, 37, 1410, 58.72, 58.72
2023/07/14 10:12:47.557, 0, P0, 37, 1410, 58.72, 58.72
2023/07/14 10:12:47.572, 0, P0, 37, 1410, 58.72, 58.72
2023/07/14 10:12:47.585, 0, P0, 37, 1410, 58.72, 58.72
2023/07/14 10:12:47.597, 0, P0, 37, 1410, 58.72, 58.72
2023/07/14 10:12:47.611, 0, P0, 37, 1410, 58.72, 58.72
2023/07/14 10:12:47.624, 0, P0, 37, 1410, 58.72, 58.72
2023/07/14 10:12:47.636, 0, P0, 37, 1410, 59.39, 59.39
2023/07/14 10:12:47.651, 0, P0, 37, 1410, 59.39, 59.39
2023/07/14 10:12:47.663, 0, P0, 37, 1410, 59.39, 59.39
2023/07/14 10:12:47.675, 0, P0, 37, 1410, 59.39, 59.39
2023/07/14 10:12:47.688, 0, P0, 37, 1410, 59.39, 59.39
2023/07/14 10:12:47.700, 0, P0, 37, 1410, 59.39, 59.39
2023/07/14 10:12:47.715, 0, P0, 37, 1410, 59.39, 59.39
2023/07/14 10:12:47.728, 0, P0, 37, 1410, 59.39, 59.39
2023/07/14 10:12:47.741, 0, P0, 37, 1410, 59.28, 59.28
2023/07/14 10:12:47.755, 0, P0, 37, 1410, 59.28, 59.28
2023/07/14 10:12:47.768, 0, P0, 37, 1410, 59.28, 59.28
2023/07/14 10:12:47.780, 0, P0, 37, 1410, 59.28, 59.28
2023/07/14 10:12:47.795, 0, P0, 37, 1410, 59.28, 59.28
2023/07/14 10:12:47.808, 0, P0, 37, 1410, 59.28, 59.28
2023/07/14 10:12:47.820, 0, P0, 37, 1410, 59.28, 59.28
2023/07/14 10:12:47.836, 0, P0, 37, 1410, 58.82, 58.82
2023/07/14 10:12:47.848, 0, P0, 37, 1410, 58.82, 58.82
2023/07/14 10:12:47.860, 0, P0, 37, 1410, 58.82, 58.82
2023/07/14 10:12:47.875, 0, P0, 37, 1410, 58.82, 58.82
2023/07/14 10:12:47.887, 0, P0, 37, 1410, 58.82, 58.82
2023/07/14 10:12:47.900, 0, P0, 37, 1410, 58.82, 58.82
2023/07/14 10:12:47.914, 0, P0, 37, 1410, 58.82, 58.82
2023/07/14 10:12:47.927, 0, P0, 37, 1410, 58.82, 58.82
2023/07/14 10:12:47.939, 0, P0, 37, 1410, 59.18, 59.18
2023/07/14 10:12:47.952, 0, P0, 37, 1410, 59.18, 59.18
2023/07/14 10:12:47.964, 0, P0, 37, 1410, 59.18, 59.18
2023/07/14 10:12:47.978, 0, P0, 37, 1410, 59.18, 59.18
2023/07/14 10:12:47.990, 0, P0, 37, 1410, 59.18, 59.18
2023/07/14 10:12:48.003, 0, P0, 38, 1410, 59.18, 59.18
2023/07/14 10:12:48.018, 0, P0, 38, 1410, 59.18, 59.18
2023/07/14 10:12:48.030, 0, P0, 39, 1410, 59.18, 59.18
2023/07/14 10:12:48.043, 0, P0, 39, 1410, 157.72, 157.72
2023/07/14 10:12:48.057, 0, P0, 38, 1410, 157.72, 157.72
2023/07/14 10:12:48.070, 0, P0, 38, 1410, 157.72, 157.72
2023/07/14 10:12:48.082, 0, P0, 38, 1410, 157.72, 157.72
2023/07/14 10:12:48.096, 0, P0, 38, 1410, 157.72, 157.72
2023/07/14 10:12:48.110, 32, P0, 38, 1410, 157.72, 157.72
2023/07/14 10:12:48.122, 32, P0, 39, 1410, 157.72, 157.72
2023/07/14 10:12:48.137, 32, P0, 39, 1410, 180.27, 180.27
2023/07/14 10:12:48.150, 32, P0, 39, 1410, 180.27, 180.27
2023/07/14 10:12:48.162, 32, P0, 39, 1410, 180.27, 180.27
2023/07/14 10:12:48.177, 32, P0, 38, 1410, 180.27, 180.27
2023/07/14 10:12:48.189, 32, P0, 38, 1410, 180.27, 180.27
2023/07/14 10:12:48.201, 32, P0, 38, 1410, 180.27, 180.27
2023/07/14 10:12:48.214, 32, P0, 39, 1410, 180.27, 180.27
2023/07/14 10:12:48.226, 32, P0, 39, 1410, 180.27, 180.27
2023/07/14 10:12:48.241, 32, P0, 40, 1410, 179.90, 179.90
2023/07/14 10:12:48.254, 32, P0, 40, 1410, 179.90, 179.90
2023/07/14 10:12:48.266, 32, P0, 39, 1410, 179.90, 179.90
2023/07/14 10:12:48.281, 32, P0, 39, 1410, 179.90, 179.90
2023/07/14 10:12:48.294, 32, P0, 39, 1410, 179.90, 179.90
2023/07/14 10:12:48.307, 49, P0, 38, 1410, 179.90, 179.90
2023/07/14 10:12:48.322, 49, P0, 38, 1410, 179.90, 179.90
2023/07/14 10:12:48.334, 49, P0, 40, 1410, 179.90, 179.90
2023/07/14 10:12:48.346, 49, P0, 40, 1410, 179.50, 179.50
2023/07/14 10:12:48.361, 49, P0, 40, 1410, 179.50, 179.50
2023/07/14 10:12:48.373, 49, P0, 40, 1410, 179.50, 179.50
2023/07/14 10:12:48.385, 49, P0, 39, 1410, 179.50, 179.50
2023/07/14 10:12:48.400, 49, P0, 39, 1410, 179.50, 179.50
2023/07/14 10:12:48.413, 49, P0, 39, 1410, 179.50, 179.50
2023/07/14 10:12:48.425, 49, P0, 39, 1410, 179.50, 179.50
2023/07/14 10:12:48.440, 49, P0, 39, 1410, 178.46, 178.46
2023/07/14 10:12:48.454, 49, P0, 40, 1410, 178.46, 178.46
2023/07/14 10:12:48.466, 49, P0, 40, 1410, 178.46, 178.46
2023/07/14 10:12:48.481, 49, P0, 39, 1410, 178.46, 178.46
2023/07/14 10:12:48.493, 49, P0, 39, 1410, 178.46, 178.46
2023/07/14 10:12:48.506, 49, P0, 39, 1410, 178.46, 178.46
2023/07/14 10:12:48.518, 49, P0, 39, 1410, 178.46, 178.46
2023/07/14 10:12:48.531, 49, P0, 39, 1410, 178.46, 178.46
2023/07/14 10:12:48.545, 49, P0, 40, 1410, 177.02, 177.02
2023/07/14 10:12:48.557, 49, P0, 40, 1410, 177.02, 177.02
2023/07/14 10:12:48.570, 49, P0, 40, 1410, 177.02, 177.02
2023/07/14 10:12:48.585, 49, P0, 40, 1410, 177.02, 177.02
2023/07/14 10:12:48.597, 49, P0, 39, 1410, 177.02, 177.02
2023/07/14 10:12:48.609, 49, P0, 39, 1410, 177.02, 177.02
2023/07/14 10:12:48.624, 49, P0, 39, 1410, 177.02, 177.02
2023/07/14 10:12:48.636, 49, P0, 40, 1410, 177.02, 177.02
2023/07/14 10:12:48.648, 49, P0, 40, 1410, 175.66, 175.66
2023/07/14 10:12:48.663, 49, P0, 41, 1410, 175.66, 175.66
2023/07/14 10:12:48.675, 49, P0, 41, 1410, 175.66, 175.66
2023/07/14 10:12:48.687, 49, P0, 39, 1410, 175.66, 175.66
2023/07/14 10:12:48.700, 49, P0, 39, 1410, 175.66, 175.66
2023/07/14 10:12:48.712, 52, P0, 39, 1410, 175.66, 175.66
2023/07/14 10:12:48.727, 52, P0, 39, 1410, 175.66, 175.66
2023/07/14 10:12:48.740, 52, P0, 39, 1410, 175.66, 175.66
2023/07/14 10:12:48.753, 52, P0, 40, 1410, 174.84, 174.84
2023/07/14 10:12:48.767, 52, P0, 40, 1410, 174.84, 174.84
2023/07/14 10:12:48.780, 52, P0, 40, 1410, 174.84, 174.84
2023/07/14 10:12:48.792, 52, P0, 40, 1410, 174.84, 174.84
2023/07/14 10:12:48.806, 52, P0, 39, 1410, 174.84, 174.84
2023/07/14 10:12:48.819, 52, P0, 39, 1410, 174.84, 174.84
2023/07/14 10:12:48.831, 52, P0, 39, 1410, 174.84, 174.84
2023/07/14 10:12:48.846, 52, P0, 40, 1410, 170.92, 170.92
2023/07/14 10:12:48.858, 52, P0, 40, 1410, 170.92, 170.92
2023/07/14 10:12:48.871, 52, P0, 41, 1410, 170.92, 170.92
2023/07/14 10:12:48.883, 52, P0, 41, 1410, 170.92, 170.92
2023/07/14 10:12:48.895, 52, P0, 39, 1410, 170.92, 170.92
2023/07/14 10:12:48.910, 52, P0, 39, 1410, 170.92, 170.92
2023/07/14 10:12:48.923, 52, P0, 39, 1410, 170.92, 170.92
2023/07/14 10:12:48.935, 52, P0, 39, 1410, 170.92, 170.92
2023/07/14 10:12:48.950, 52, P0, 39, 1410, 167.87, 167.87
2023/07/14 10:12:48.962, 52, P0, 41, 1410, 167.87, 167.87
2023/07/14 10:12:48.974, 52, P0, 41, 1410, 167.87, 167.87
2023/07/14 10:12:48.989, 52, P0, 40, 1410, 167.87, 167.87
2023/07/14 10:12:49.001, 52, P0, 40, 1410, 167.87, 167.87
2023/07/14 10:12:49.013, 52, P0, 40, 1410, 167.87, 167.87
2023/07/14 10:12:49.028, 52, P0, 39, 1410, 167.87, 167.87
2023/07/14 10:12:49.040, 52, P0, 39, 1410, 167.87, 167.87
2023/07/14 10:12:49.053, 52, P0, 40, 1410, 164.14, 164.14
2023/07/14 10:12:49.065, 52, P0, 40, 1410, 164.14, 164.14
2023/07/14 10:12:49.077, 52, P0, 41, 1410, 164.14, 164.14
2023/07/14 10:12:49.092, 52, P0, 41, 1410, 164.14, 164.14
2023/07/14 10:12:49.105, 52, P0, 40, 1410, 164.14, 164.14
2023/07/14 10:12:49.117, 52, P0, 39, 1410, 164.14, 164.14
2023/07/14 10:12:49.132, 52, P0, 39, 1410, 164.14, 164.14
2023/07/14 10:12:49.145, 52, P0, 39, 1410, 164.14, 164.14
2023/07/14 10:12:49.157, 52, P0, 39, 1410, 160.34, 160.34
2023/07/14 10:12:49.172, 52, P0, 41, 1410, 160.34, 160.34
2023/07/14 10:12:49.185, 52, P0, 41, 1410, 160.34, 160.34
2023/07/14 10:12:49.197, 52, P0, 40, 1410, 160.34, 160.34
2023/07/14 10:12:49.211, 52, P0, 40, 1410, 160.34, 160.34
2023/07/14 10:12:49.223, 52, P0, 40, 1410, 160.34, 160.34
2023/07/14 10:12:49.236, 52, P0, 39, 1410, 160.34, 160.34
2023/07/14 10:12:49.248, 52, P0, 39, 1410, 160.34, 154.24
2023/07/14 10:12:49.262, 52, P0, 40, 1410, 154.24, 154.24
2023/07/14 10:12:49.274, 52, P0, 40, 1410, 154.24, 154.24
2023/07/14 10:12:49.287, 52, P0, 41, 1410, 154.24, 154.24
2023/07/14 10:12:49.300, 52, P0, 41, 1410, 154.24, 154.24
2023/07/14 10:12:49.314, 52, P0, 40, 1410, 154.24, 154.24
2023/07/14 10:12:49.327, 52, P0, 39, 1410, 154.24, 154.24
2023/07/14 10:12:49.339, 52, P0, 39, 1410, 154.24, 154.24
2023/07/14 10:12:49.353, 52, P0, 39, 1410, 144.56, 144.56
2023/07/14 10:12:49.366, 52, P0, 39, 1410, 144.56, 144.56
2023/07/14 10:12:49.378, 52, P0, 41, 1410, 144.56, 144.56
2023/07/14 10:12:49.393, 52, P0, 41, 1410, 144.56, 144.56
2023/07/14 10:12:49.405, 52, P0, 40, 1410, 144.56, 144.56
2023/07/14 10:12:49.418, 52, P0, 40, 1410, 144.56, 144.56
2023/07/14 10:12:49.431, 52, P0, 40, 1410, 144.56, 144.56
2023/07/14 10:12:49.443, 52, P0, 39, 1410, 144.56, 144.56
2023/07/14 10:12:49.456, 52, P0, 39, 1410, 130.75, 130.75
2023/07/14 10:12:49.469, 52, P0, 40, 1410, 130.75, 130.75
2023/07/14 10:12:49.481, 52, P0, 40, 1410, 130.75, 130.75
2023/07/14 10:12:49.497, 52, P0, 41, 1410, 130.75, 130.75
2023/07/14 10:12:49.509, 52, P0, 41, 1410, 130.75, 130.75
2023/07/14 10:12:49.521, 52, P0, 41, 1410, 130.75, 130.75
2023/07/14 10:12:49.537, 52, P0, 39, 1410, 130.75, 130.75
2023/07/14 10:12:49.549, 52, P0, 39, 1410, 130.75, 130.75
2023/07/14 10:12:49.562, 52, P0, 40, 1410, 121.50, 121.50
2023/07/14 10:12:49.576, 52, P0, 40, 1410, 121.50, 121.50
2023/07/14 10:12:49.588, 52, P0, 41, 1410, 121.50, 121.50
2023/07/14 10:12:49.601, 52, P0, 41, 1410, 121.50, 121.50
2023/07/14 10:12:49.615, 52, P0, 40, 1410, 121.50, 121.50
2023/07/14 10:12:49.628, 52, P0, 40, 1410, 121.50, 121.50
2023/07/14 10:12:49.640, 52, P0, 40, 1410, 121.50, 121.50
2023/07/14 10:12:49.653, 52, P0, 39, 1410, 121.50, 104.62
2023/07/14 10:12:49.667, 52, P0, 39, 1410, 104.62, 104.62
2023/07/14 10:12:49.679, 52, P0, 40, 1410, 104.62, 104.62
2023/07/14 10:12:49.692, 52, P0, 40, 1410, 104.62, 104.62
2023/07/14 10:12:49.704, 52, P0, 41, 1410, 104.62, 104.62
2023/07/14 10:12:49.719, 52, P0, 41, 1410, 104.62, 104.62
2023/07/14 10:12:49.732, 52, P0, 41, 1410, 104.62, 104.62
2023/07/14 10:12:49.744, 52, P0, 39, 1410, 104.62, 104.62
2023/07/14 10:12:49.758, 52, P0, 39, 1410, 76.36, 76.36
2023/07/14 10:12:49.771, 52, P0, 40, 1410, 76.36, 76.36
2023/07/14 10:12:49.783, 52, P0, 40, 1410, 76.36, 76.36
2023/07/14 10:12:49.798, 52, P0, 41, 1410, 76.36, 76.36
2023/07/14 10:12:49.810, 52, P0, 41, 1410, 76.36, 76.36
2023/07/14 10:12:49.822, 52, P0, 41, 1410, 76.36, 76.36
2023/07/14 10:12:49.835, 52, P0, 40, 1410, 76.36, 76.36
2023/07/14 10:12:49.847, 52, P0, 40, 1410, 76.36, 76.36
2023/07/14 10:12:49.862, 52, P0, 39, 1410, 62.46, 62.46
2023/07/14 10:12:49.874, 52, P0, 39, 1410, 62.46, 62.46
2023/07/14 10:12:49.886, 52, P0, 41, 1410, 62.46, 62.46
2023/07/14 10:12:49.902, 52, P0, 41, 1410, 62.46, 62.46
2023/07/14 10:12:49.914, 52, P0, 41, 1410, 62.46, 62.46
2023/07/14 10:12:49.926, 52, P0, 41, 1410, 62.46, 62.46
2023/07/14 10:12:49.941, 52, P0, 41, 1410, 62.46, 62.46
2023/07/14 10:12:49.953, 52, P0, 39, 1410, 62.46, 62.46
2023/07/14 10:12:49.965, 52, P0, 39, 1410, 63.62, 63.62
2023/07/14 10:12:49.980, 52, P0, 40, 1410, 63.62, 63.62
2023/07/14 10:12:49.992, 52, P0, 40, 1410, 63.62, 63.62
2023/07/14 10:12:50.004, 52, P0, 41, 1410, 63.62, 63.62
2023/07/14 10:12:50.017, 52, P0, 41, 1410, 63.62, 63.62
2023/07/14 10:12:50.029, 52, P0, 41, 1410, 63.62, 63.62
2023/07/14 10:12:50.044, 52, P0, 40, 1410, 63.62, 63.62
2023/07/14 10:12:50.057, 52, P0, 40, 1410, 63.62, 63.62
2023/07/14 10:12:50.069, 52, P0, 39, 1410, 63.81, 63.81
2023/07/14 10:12:50.084, 52, P0, 39, 1410, 63.81, 63.81
2023/07/14 10:12:50.096, 52, P0, 41, 1410, 63.81, 63.81
2023/07/14 10:12:50.108, 52, P0, 41, 1410, 63.81, 63.81
2023/07/14 10:12:50.123, 52, P0, 41, 1410, 63.81, 63.81
2023/07/14 10:12:50.136, 52, P0, 41, 1410, 63.81, 63.81
2023/07/14 10:12:50.148, 52, P0, 41, 1410, 63.81, 63.81
2023/07/14 10:12:50.162, 52, P0, 39, 1410, 64.40, 64.40
2023/07/14 10:12:50.175, 52, P0, 39, 1410, 64.40, 64.40
2023/07/14 10:12:50.187, 52, P0, 40, 1410, 64.40, 64.40
2023/07/14 10:12:50.200, 52, P0, 40, 1410, 64.40, 64.40
2023/07/14 10:12:50.212, 52, P0, 40, 1410, 64.40, 64.40
2023/07/14 10:12:50.226, 52, P0, 41, 1410, 64.40, 64.40
2023/07/14 10:12:50.239, 52, P0, 41, 1410, 64.40, 64.40
2023/07/14 10:12:50.252, 52, P0, 40, 1410, 64.40, 64.40
2023/07/14 10:12:50.266, 52, P0, 40, 1410, 66.34, 66.34
2023/07/14 10:12:50.278, 52, P0, 39, 1410, 66.34, 66.34
2023/07/14 10:12:50.291, 52, P0, 39, 1410, 66.34, 66.34
2023/07/14 10:12:50.305, 52, P0, 41, 1410, 66.34, 66.34
2023/07/14 10:12:50.317, 52, P0, 41, 1410, 66.34, 66.34
2023/07/14 10:12:50.329, 49, P0, 41, 1410, 66.34, 66.34
2023/07/14 10:12:50.344, 49, P0, 41, 1410, 66.34, 66.34
2023/07/14 10:12:50.357, 49, P0, 41, 1410, 66.34, 66.34
2023/07/14 10:12:50.369, 49, P0, 39, 1410, 68.44, 68.44
2023/07/14 10:12:50.382, 49, P0, 39, 1410, 68.44, 68.44
2023/07/14 10:12:50.394, 49, P0, 40, 1410, 68.44, 68.44
2023/07/14 10:12:50.408, 49, P0, 40, 1410, 68.44, 68.44
2023/07/14 10:12:50.420, 49, P0, 40, 1410, 68.44, 68.44
2023/07/14 10:12:50.433, 49, P0, 41, 1410, 68.44, 68.44
2023/07/14 10:12:50.447, 49, P0, 41, 1410, 68.44, 68.44
2023/07/14 10:12:50.460, 49, P0, 40, 1410, 68.44, 68.44
2023/07/14 10:12:50.473, 49, P0, 40, 1410, 70.29, 70.29
2023/07/14 10:12:50.487, 49, P0, 39, 1410, 70.29, 70.29
2023/07/14 10:12:50.499, 49, P0, 39, 1410, 70.29, 70.29
2023/07/14 10:12:50.512, 49, P0, 39, 1410, 70.29, 70.29
2023/07/14 10:12:50.527, 49, P0, 41, 1410, 70.29, 70.29
2023/07/14 10:12:50.539, 48, P0, 41, 1410, 70.29, 70.29
2023/07/14 10:12:50.551, 48, P0, 41, 1410, 70.29, 70.29
2023/07/14 10:12:50.564, 48, P0, 41, 1410, 70.29, 72.77
2023/07/14 10:12:50.577, 48, P0, 39, 1410, 72.77, 72.77
2023/07/14 10:12:50.591, 48, P0, 39, 1410, 72.77, 72.77
2023/07/14 10:12:50.603, 48, P0, 40, 1410, 72.77, 72.77
2023/07/14 10:12:50.616, 48, P0, 40, 1410, 72.77, 72.77
2023/07/14 10:12:50.630, 48, P0, 40, 1410, 72.77, 72.77
2023/07/14 10:12:50.642, 48, P0, 41, 1410, 72.77, 72.77
2023/07/14 10:12:50.655, 48, P0, 41, 1410, 72.77, 72.77
2023/07/14 10:12:50.669, 48, P0, 40, 1410, 76.62, 76.62
2023/07/14 10:12:50.681, 48, P0, 40, 1410, 76.62, 76.62
2023/07/14 10:12:50.694, 48, P0, 40, 1410, 76.62, 76.62
2023/07/14 10:12:50.708, 48, P0, 39, 1410, 76.62, 76.62
2023/07/14 10:12:50.720, 48, P0, 39, 1410, 76.62, 76.62
2023/07/14 10:12:50.733, 48, P0, 41, 1410, 76.62, 76.62
2023/07/14 10:12:50.745, 48, P0, 41, 1410, 76.62, 76.62
2023/07/14 10:12:50.758, 48, P0, 41, 1410, 76.62, 76.62
2023/07/14 10:12:50.772, 48, P0, 41, 1410, 82.76, 82.76
2023/07/14 10:12:50.785, 48, P0, 40, 1410, 82.76, 82.76
2023/07/14 10:12:50.797, 48, P0, 39, 1410, 82.76, 82.76
2023/07/14 10:12:50.811, 48, P0, 39, 1410, 82.76, 82.76
2023/07/14 10:12:50.823, 48, P0, 40, 1410, 82.76, 82.76
2023/07/14 10:12:50.836, 48, P0, 40, 1410, 82.76, 82.76
2023/07/14 10:12:50.850, 48, P0, 41, 1410, 82.76, 82.76
2023/07/14 10:12:50.862, 48, P0, 41, 1410, 82.76, 82.76
2023/07/14 10:12:50.875, 48, P0, 40, 1410, 89.31, 89.31
2023/07/14 10:12:50.887, 48, P0, 40, 1410, 89.31, 89.31
2023/07/14 10:12:50.900, 48, P0, 40, 1410, 89.31, 89.31
2023/07/14 10:12:50.914, 48, P0, 39, 1410, 89.31, 89.31
2023/07/14 10:12:50.927, 48, P0, 39, 1410, 89.31, 89.31
2023/07/14 10:12:50.939, 49, P0, 41, 1410, 89.31, 89.31
2023/07/14 10:12:50.954, 49, P0, 41, 1410, 89.31, 89.31
2023/07/14 10:12:50.966, 49, P0, 41, 1410, 89.31, 89.31
2023/07/14 10:12:50.979, 49, P0, 41, 1410, 93.54, 93.54
2023/07/14 10:12:50.993, 49, P0, 41, 1410, 93.54, 93.54
2023/07/14 10:12:51.005, 49, P0, 39, 1410, 93.54, 93.54
2023/07/14 10:12:51.018, 49, P0, 39, 1410, 93.54, 93.54
2023/07/14 10:12:51.032, 49, P0, 40, 1410, 93.54, 93.54
2023/07/14 10:12:51.044, 49, P0, 40, 1410, 93.54, 93.54
2023/07/14 10:12:51.056, 49, P0, 41, 1410, 93.54, 93.54
2023/07/14 10:12:51.069, 49, P0, 41, 1410, 93.54, 102.84
2023/07/14 10:12:51.083, 49, P0, 41, 1410, 102.84, 102.84
2023/07/14 10:12:51.096, 49, P0, 40, 1410, 102.84, 102.84
2023/07/14 10:12:51.109, 49, P0, 40, 1410, 102.84, 102.84
2023/07/14 10:12:51.121, 49, P0, 40, 1410, 102.84, 102.84
2023/07/14 10:12:51.136, 48, P0, 40, 1410, 102.84, 102.84
2023/07/14 10:12:51.148, 48, P0, 41, 1410, 102.84, 102.84
2023/07/14 10:12:51.161, 48, P0, 41, 1410, 102.84, 102.84
2023/07/14 10:12:51.176, 48, P0, 41, 1410, 121.19, 121.19
2023/07/14 10:12:51.188, 48, P0, 41, 1410, 121.19, 121.19
2023/07/14 10:12:51.200, 48, P0, 41, 1410, 121.19, 121.19
2023/07/14 10:12:51.215, 48, P0, 39, 1410, 121.19, 121.19
2023/07/14 10:12:51.227, 48, P0, 39, 1410, 121.19, 121.19
2023/07/14 10:12:51.239, 48, P0, 41, 1410, 121.19, 121.19
2023/07/14 10:12:51.252, 48, P0, 41, 1410, 121.19, 121.19
2023/07/14 10:12:51.264, 48, P0, 41, 1410, 121.19, 121.19
2023/07/14 10:12:51.279, 48, P0, 41, 1410, 137.05, 137.05
2023/07/14 10:12:51.292, 48, P0, 41, 1410, 137.05, 137.05
2023/07/14 10:12:51.304, 48, P0, 40, 1410, 137.05, 137.05
2023/07/14 10:12:51.318, 48, P0, 40, 1410, 137.05, 137.05
2023/07/14 10:12:51.331, 48, P0, 40, 1410, 137.05, 137.05
2023/07/14 10:12:51.343, 49, P0, 40, 1410, 137.05, 137.05
2023/07/14 10:12:51.358, 49, P0, 41, 1410, 137.05, 137.05
2023/07/14 10:12:51.370, 49, P0, 41, 1410, 137.05, 137.05
2023/07/14 10:12:51.383, 49, P0, 41, 1410, 150.61, 150.61
2023/07/14 10:12:51.397, 49, P0, 41, 1410, 150.61, 150.61
2023/07/14 10:12:51.410, 49, P0, 41, 1410, 150.61, 150.61
2023/07/14 10:12:51.422, 49, P0, 40, 1410, 150.61, 150.61
2023/07/14 10:12:51.437, 49, P0, 40, 1410, 150.61, 150.61
2023/07/14 10:12:51.449, 49, P0, 41, 1410, 150.61, 150.61
2023/07/14 10:12:51.461, 49, P0, 41, 1410, 150.61, 150.61
2023/07/14 10:12:51.474, 49, P0, 41, 1410, 150.61, 174.29
2023/07/14 10:12:51.488, 49, P0, 41, 1410, 174.29, 174.29
2023/07/14 10:12:51.501, 49, P0, 41, 1410, 174.29, 174.29
2023/07/14 10:12:51.514, 49, P0, 40, 1410, 174.29, 174.29
2023/07/14 10:12:51.526, 49, P0, 40, 1410, 174.29, 174.29
2023/07/14 10:12:51.541, 49, P0, 40, 1410, 174.29, 174.29
2023/07/14 10:12:51.554, 49, P0, 40, 1410, 174.29, 174.29
2023/07/14 10:12:51.566, 49, P0, 41, 1410, 174.29, 174.29
2023/07/14 10:12:51.580, 49, P0, 41, 1410, 181.04, 181.04
2023/07/14 10:12:51.592, 49, P0, 41, 1410, 181.04, 181.04
2023/07/14 10:12:51.605, 49, P0, 41, 1410, 181.04, 181.04
2023/07/14 10:12:51.619, 49, P0, 41, 1410, 181.04, 181.04
2023/07/14 10:12:51.632, 49, P0, 39, 1410, 181.04, 181.04
2023/07/14 10:12:51.644, 49, P0, 39, 1410, 181.04, 181.04
2023/07/14 10:12:51.656, 49, P0, 41, 1410, 181.04, 181.04
2023/07/14 10:12:51.668, 49, P0, 41, 1410, 181.04, 181.04
2023/07/14 10:12:51.683, 49, P0, 41, 1410, 180.37, 180.37
2023/07/14 10:12:51.695, 49, P0, 42, 1410, 180.37, 180.37
2023/07/14 10:12:51.707, 49, P0, 42, 1410, 180.37, 180.37
2023/07/14 10:12:51.722, 49, P0, 40, 1410, 180.37, 180.37
2023/07/14 10:12:51.734, 49, P0, 40, 1410, 180.37, 180.37
2023/07/14 10:12:51.746, 49, P0, 40, 1410, 180.37, 180.37
2023/07/14 10:12:51.761, 49, P0, 40, 1410, 180.37, 180.37
2023/07/14 10:12:51.773, 49, P0, 40, 1410, 180.37, 180.37
2023/07/14 10:12:51.786, 49, P0, 41, 1410, 179.70, 179.70
2023/07/14 10:12:51.799, 49, P0, 41, 1410, 179.70, 179.70
2023/07/14 10:12:51.811, 49, P0, 41, 1410, 179.70, 179.70
2023/07/14 10:12:51.827, 49, P0, 41, 1410, 179.70, 179.70
2023/07/14 10:12:51.840, 49, P0, 39, 1410, 179.70, 179.70
2023/07/14 10:12:51.852, 49, P0, 39, 1410, 179.70, 179.70
2023/07/14 10:12:51.866, 49, P0, 41, 1410, 179.70, 179.70
2023/07/14 10:12:51.878, 49, P0, 41, 1410, 179.70, 178.55
2023/07/14 10:12:51.893, 49, P0, 41, 1410, 178.55, 178.55
2023/07/14 10:12:51.906, 49, P0, 42, 1410, 178.55, 178.55
2023/07/14 10:12:51.919, 49, P0, 42, 1410, 178.55, 178.55
2023/07/14 10:12:51.931, 49, P0, 40, 1410, 178.55, 178.55
2023/07/14 10:12:51.946, 50, P0, 40, 1410, 178.55, 178.55
2023/07/14 10:12:51.959, 50, P0, 40, 1410, 178.55, 178.55
2023/07/14 10:12:51.971, 50, P0, 40, 1410, 178.55, 178.55
2023/07/14 10:12:51.985, 50, P0, 41, 1410, 176.74, 176.74
2023/07/14 10:12:51.997, 50, P0, 41, 1410, 176.74, 176.74
2023/07/14 10:12:52.010, 50, P0, 41, 1410, 176.74, 176.74
2023/07/14 10:12:52.025, 50, P0, 40, 1410, 176.74, 176.74
2023/07/14 10:12:52.037, 50, P0, 40, 1410, 176.74, 176.74
2023/07/14 10:12:52.049, 50, P0, 39, 1410, 176.74, 176.74
2023/07/14 10:12:52.062, 50, P0, 39, 1410, 176.74, 176.74
2023/07/14 10:12:52.074, 50, P0, 40, 1410, 176.74, 176.74
2023/07/14 10:12:52.089, 50, P0, 41, 1410, 175.07, 175.07
2023/07/14 10:12:52.102, 50, P0, 41, 1410, 175.07, 175.07
2023/07/14 10:12:52.114, 50, P0, 41, 1410, 175.07, 175.07
2023/07/14 10:12:52.128, 50, P0, 41, 1410, 175.07, 175.07
2023/07/14 10:12:52.141, 50, P0, 40, 1410, 175.07, 175.07
2023/07/14 10:12:52.154, 51, P0, 40, 1410, 175.07, 175.07
2023/07/14 10:12:52.168, 51, P0, 40, 1410, 175.07, 175.07
2023/07/14 10:12:52.180, 51, P0, 40, 1410, 175.07, 175.07
2023/07/14 10:12:52.193, 51, P0, 40, 1410, 173.60, 173.60
2023/07/14 10:12:52.208, 51, P0, 41, 1410, 173.60, 173.60
2023/07/14 10:12:52.220, 51, P0, 41, 1410, 173.60, 173.60
2023/07/14 10:12:52.232, 51, P0, 40, 1410, 173.60, 173.60
2023/07/14 10:12:52.245, 51, P0, 40, 1410, 173.60, 173.60
2023/07/14 10:12:52.257, 51, P0, 39, 1410, 173.60, 173.60
2023/07/14 10:12:52.271, 51, P0, 39, 1410, 173.60, 173.60
2023/07/14 10:12:52.283, 51, P0, 39, 1410, 173.60, 169.74
2023/07/14 10:12:52.297, 51, P0, 41, 1410, 169.74, 169.74
2023/07/14 10:12:52.311, 51, P0, 41, 1410, 169.74, 169.74
2023/07/14 10:12:52.324, 51, P0, 41, 1410, 169.74, 169.74
2023/07/14 10:12:52.336, 51, P0, 41, 1410, 169.74, 169.74
2023/07/14 10:12:52.351, 52, P0, 40, 1410, 169.74, 169.74
2023/07/14 10:12:52.364, 52, P0, 40, 1410, 169.74, 169.74
2023/07/14 10:12:52.376, 52, P0, 40, 1410, 169.74, 169.74
2023/07/14 10:12:52.390, 52, P0, 40, 1410, 165.24, 165.24
2023/07/14 10:12:52.403, 52, P0, 40, 1410, 165.24, 165.24
2023/07/14 10:12:52.415, 52, P0, 41, 1410, 165.24, 165.24
2023/07/14 10:12:52.430, 52, P0, 41, 1410, 165.24, 165.24
2023/07/14 10:12:52.442, 52, P0, 40, 1410, 165.24, 165.24
2023/07/14 10:12:52.454, 52, P0, 40, 1410, 165.24, 165.24
2023/07/14 10:12:52.467, 52, P0, 39, 1410, 165.24, 165.24
2023/07/14 10:12:52.479, 52, P0, 39, 1410, 165.24, 165.24
2023/07/14 10:12:52.493, 52, P0, 39, 1410, 160.57, 160.57
2023/07/14 10:12:52.506, 52, P0, 41, 1410, 160.57, 160.57
2023/07/14 10:12:52.518, 52, P0, 41, 1410, 160.57, 160.57
2023/07/14 10:12:52.533, 52, P0, 41, 1410, 160.57, 160.57
2023/07/14 10:12:52.546, 52, P0, 41, 1410, 160.57, 160.57
2023/07/14 10:12:52.558, 52, P0, 40, 1410, 160.57, 160.57
2023/07/14 10:12:52.573, 52, P0, 40, 1410, 160.57, 160.57
2023/07/14 10:12:52.585, 52, P0, 40, 1410, 160.57, 160.57
2023/07/14 10:12:52.598, 52, P0, 40, 1410, 156.07, 156.07
2023/07/14 10:12:52.613, 52, P0, 40, 1410, 156.07, 156.07
2023/07/14 10:12:52.625, 52, P0, 41, 1410, 156.07, 156.07
2023/07/14 10:12:52.637, 52, P0, 41, 1410, 156.07, 156.07
2023/07/14 10:12:52.652, 52, P0, 40, 1410, 156.07, 156.07
2023/07/14 10:12:52.665, 52, P0, 40, 1410, 156.07, 156.07
2023/07/14 10:12:52.677, 52, P0, 39, 1410, 156.07, 156.07
2023/07/14 10:12:52.690, 52, P0, 39, 1410, 156.07, 148.98
2023/07/14 10:12:52.703, 52, P0, 39, 1410, 148.98, 148.98
2023/07/14 10:12:52.717, 52, P0, 41, 1410, 148.98, 148.98
2023/07/14 10:12:52.730, 52, P0, 41, 1410, 148.98, 148.98
2023/07/14 10:12:52.742, 52, P0, 41, 1410, 148.98, 148.98
2023/07/14 10:12:52.757, 52, P0, 41, 1410, 148.98, 148.98
2023/07/14 10:12:52.770, 52, P0, 40, 1410, 148.98, 148.98
2023/07/14 10:12:52.782, 52, P0, 40, 1410, 148.98, 148.98
2023/07/14 10:12:52.797, 52, P0, 40, 1410, 136.61, 136.61
2023/07/14 10:12:52.809, 52, P0, 40, 1410, 136.61, 136.61
2023/07/14 10:12:52.821, 52, P0, 40, 1410, 136.61, 136.61
2023/07/14 10:12:52.836, 52, P0, 42, 1410, 136.61, 136.61
2023/07/14 10:12:52.848, 52, P0, 42, 1410, 136.61, 136.61
2023/07/14 10:12:52.860, 52, P0, 40, 1410, 136.61, 136.61
2023/07/14 10:12:52.875, 52, P0, 40, 1410, 136.61, 136.61
2023/07/14 10:12:52.887, 52, P0, 39, 1410, 136.61, 136.61
2023/07/14 10:12:52.899, 52, P0, 39, 1410, 123.74, 123.74
2023/07/14 10:12:52.912, 52, P0, 39, 1410, 123.74, 123.74
2023/07/14 10:12:52.925, 52, P0, 41, 1410, 123.74, 123.74
2023/07/14 10:12:52.939, 52, P0, 41, 1410, 123.74, 123.74
2023/07/14 10:12:52.952, 52, P0, 41, 1410, 123.74, 123.74
2023/07/14 10:12:52.964, 52, P0, 41, 1410, 123.74, 123.74
2023/07/14 10:12:52.979, 52, P0, 40, 1410, 123.74, 123.74
2023/07/14 10:12:52.992, 52, P0, 40, 1410, 123.74, 104.53
2023/07/14 10:12:53.005, 52, P0, 41, 1410, 104.53, 104.53
2023/07/14 10:12:53.021, 52, P0, 41, 1410, 104.53, 104.53
2023/07/14 10:12:53.034, 52, P0, 41, 1410, 104.53, 104.53
2023/07/14 10:12:53.046, 52, P0, 42, 1410, 104.53, 104.53
2023/07/14 10:12:53.060, 52, P0, 42, 1410, 104.53, 104.53
2023/07/14 10:12:53.073, 52, P0, 40, 1410, 104.53, 104.53
2023/07/14 10:12:53.086, 52, P0, 40, 1410, 104.53, 104.53
2023/07/14 10:12:53.100, 52, P0, 40, 1410, 81.84, 81.84
2023/07/14 10:12:53.113, 52, P0, 40, 1410, 81.84, 81.84
2023/07/14 10:12:53.125, 52, P0, 41, 1410, 81.84, 81.84
2023/07/14 10:12:53.139, 52, P0, 41, 1410, 81.84, 81.84
2023/07/14 10:12:53.151, 52, P0, 41, 1410, 81.84, 81.84
2023/07/14 10:12:53.164, 52, P0, 41, 1410, 81.84, 81.84
2023/07/14 10:12:53.176, 52, P0, 41, 1410, 81.84, 81.84
2023/07/14 10:12:53.189, 52, P0, 40, 1410, 81.84, 81.84
2023/07/14 10:12:53.202, 52, P0, 40, 1410, 62.85, 62.85
2023/07/14 10:12:53.215, 52, P0, 41, 1410, 62.85, 62.85
2023/07/14 10:12:53.227, 52, P0, 41, 1410, 62.85, 62.85
2023/07/14 10:12:53.242, 52, P0, 41, 1410, 62.85, 62.85
2023/07/14 10:12:53.255, 52, P0, 42, 1410, 62.85, 62.85
2023/07/14 10:12:53.267, 52, P0, 42, 1410, 62.85, 62.85
2023/07/14 10:12:53.282, 52, P0, 40, 1410, 62.85, 62.85
2023/07/14 10:12:53.294, 52, P0, 40, 1410, 62.85, 62.85
2023/07/14 10:12:53.306, 52, P0, 40, 1410, 63.64, 63.64
2023/07/14 10:12:53.321, 52, P0, 40, 1410, 63.64, 63.64
2023/07/14 10:12:53.333, 52, P0, 40, 1410, 63.64, 63.64
2023/07/14 10:12:53.345, 52, P0, 41, 1410, 63.64, 63.64
2023/07/14 10:12:53.358, 52, P0, 41, 1410, 63.64, 63.64
2023/07/14 10:12:53.370, 52, P0, 41, 1410, 63.64, 63.64
2023/07/14 10:12:53.385, 52, P0, 41, 1410, 63.64, 63.64
2023/07/14 10:12:53.398, 52, P0, 40, 1410, 63.64, 64.00
2023/07/14 10:12:53.411, 52, P0, 40, 1410, 64.00, 64.00
2023/07/14 10:12:53.425, 52, P0, 41, 1410, 64.00, 64.00
2023/07/14 10:12:53.438, 52, P0, 41, 1410, 64.00, 64.00
2023/07/14 10:12:53.450, 52, P0, 41, 1410, 64.00, 64.00
2023/07/14 10:12:53.465, 52, P0, 42, 1410, 64.00, 64.00
2023/07/14 10:12:53.477, 52, P0, 42, 1410, 64.00, 64.00
2023/07/14 10:12:53.490, 52, P0, 40, 1410, 64.00, 64.00
2023/07/14 10:12:53.504, 52, P0, 40, 1410, 64.78, 64.78
2023/07/14 10:12:53.516, 52, P0, 40, 1410, 64.78, 64.78
2023/07/14 10:12:53.529, 52, P0, 40, 1410, 64.78, 64.78
2023/07/14 10:12:53.543, 52, P0, 40, 1410, 64.78, 64.78
2023/07/14 10:12:53.555, 52, P0, 41, 1410, 64.78, 64.78
2023/07/14 10:12:53.568, 51, P0, 41, 1410, 64.78, 64.78
2023/07/14 10:12:53.581, 51, P0, 41, 1410, 64.78, 64.78
2023/07/14 10:12:53.593, 51, P0, 41, 1410, 64.78, 64.78
2023/07/14 10:12:53.608, 51, P0, 40, 1410, 66.43, 66.43
2023/07/14 10:12:53.621, 51, P0, 40, 1410, 66.43, 66.43
2023/07/14 10:12:53.633, 51, P0, 40, 1410, 66.43, 66.43
2023/07/14 10:12:53.648, 51, P0, 41, 1410, 66.43, 66.43
2023/07/14 10:12:53.661, 51, P0, 41, 1410, 66.43, 66.43
2023/07/14 10:12:53.673, 51, P0, 42, 1410, 66.43, 66.43
2023/07/14 10:12:53.687, 51, P0, 42, 1410, 66.43, 66.43
2023/07/14 10:12:53.699, 51, P0, 40, 1410, 66.43, 66.43
2023/07/14 10:12:53.712, 51, P0, 40, 1410, 67.68, 67.68
2023/07/14 10:12:53.727, 51, P0, 40, 1410, 67.68, 67.68
2023/07/14 10:12:53.739, 51, P0, 40, 1410, 67.68, 67.68
2023/07/14 10:12:53.751, 51, P0, 40, 1410, 67.68, 67.68
2023/07/14 10:12:53.766, 49, P0, 41, 1410, 67.68, 67.68
2023/07/14 10:12:53.779, 49, P0, 41, 1410, 67.68, 67.68
2023/07/14 10:12:53.791, 49, P0, 41, 1410, 67.68, 67.68
2023/07/14 10:12:53.803, 49, P0, 41, 1410, 67.68, 68.92
2023/07/14 10:12:53.817, 49, P0, 40, 1410, 68.92, 68.92
2023/07/14 10:12:53.832, 49, P0, 40, 1410, 68.92, 68.92
2023/07/14 10:12:53.845, 49, P0, 40, 1410, 68.92, 68.92
2023/07/14 10:12:53.857, 49, P0, 41, 1410, 68.92, 68.92
2023/07/14 10:12:53.871, 49, P0, 41, 1410, 68.92, 68.92
2023/07/14 10:12:53.883, 49, P0, 42, 1410, 68.92, 68.92
2023/07/14 10:12:53.895, 49, P0, 42, 1410, 68.92, 68.92
2023/07/14 10:12:53.911, 49, P0, 40, 1410, 72.86, 72.86
2023/07/14 10:12:53.923, 49, P0, 40, 1410, 72.86, 72.86
2023/07/14 10:12:53.935, 49, P0, 40, 1410, 72.86, 72.86
2023/07/14 10:12:53.950, 49, P0, 40, 1410, 72.86, 72.86
2023/07/14 10:12:53.962, 49, P0, 40, 1410, 72.86, 72.86
2023/07/14 10:12:53.974, 48, P0, 41, 1410, 72.86, 72.86
2023/07/14 10:12:53.989, 48, P0, 41, 1410, 72.86, 72.86
2023/07/14 10:12:54.001, 48, P0, 41, 1410, 72.86, 72.86
2023/07/14 10:12:54.013, 48, P0, 41, 1410, 76.31, 76.31
2023/07/14 10:12:54.026, 48, P0, 40, 1410, 76.31, 76.31
2023/07/14 10:12:54.038, 48, P0, 40, 1410, 76.31, 76.31
2023/07/14 10:12:54.053, 48, P0, 40, 1410, 76.31, 76.31
2023/07/14 10:12:54.065, 48, P0, 41, 1410, 76.31, 76.31
2023/07/14 10:12:54.078, 48, P0, 41, 1410, 76.31, 76.31
2023/07/14 10:12:54.093, 48, P0, 42, 1410, 76.31, 76.31
2023/07/14 10:12:54.106, 48, P0, 42, 1410, 76.31, 79.90
2023/07/14 10:12:54.119, 48, P0, 40, 1410, 79.90, 79.90
2023/07/14 10:12:54.134, 48, P0, 40, 1410, 79.90, 79.90
2023/07/14 10:12:54.147, 48, P0, 40, 1410, 79.90, 79.90
2023/07/14 10:12:54.159, 48, P0, 40, 1410, 79.90, 79.90
2023/07/14 10:12:54.175, 49, P0, 41, 1410, 79.90, 79.90
2023/07/14 10:12:54.187, 49, P0, 42, 1410, 79.90, 79.90
2023/07/14 10:12:54.200, 49, P0, 42, 1410, 79.90, 79.90
2023/07/14 10:12:54.214, 49, P0, 41, 1410, 84.97, 84.97
2023/07/14 10:12:54.226, 49, P0, 41, 1410, 84.97, 84.97
2023/07/14 10:12:54.239, 49, P0, 40, 1410, 84.97, 84.97
2023/07/14 10:12:54.253, 49, P0, 40, 1410, 84.97, 84.97
2023/07/14 10:12:54.265, 49, P0, 41, 1410, 84.97, 84.97
2023/07/14 10:12:54.278, 49, P0, 41, 1410, 84.97, 84.97
2023/07/14 10:12:54.293, 49, P0, 41, 1410, 84.97, 84.97
2023/07/14 10:12:54.305, 49, P0, 42, 1410, 84.97, 84.97
2023/07/14 10:12:54.317, 49, P0, 42, 1410, 91.77, 91.77
2023/07/14 10:12:54.330, 49, P0, 40, 1410, 91.77, 91.77
2023/07/14 10:12:54.342, 49, P0, 40, 1410, 91.77, 91.77
2023/07/14 10:12:54.357, 49, P0, 40, 1410, 91.77, 91.77
2023/07/14 10:12:54.369, 49, P0, 40, 1410, 91.77, 91.77
2023/07/14 10:12:54.382, 48, P0, 40, 1410, 91.77, 91.77
2023/07/14 10:12:54.397, 48, P0, 42, 1410, 91.77, 91.77
2023/07/14 10:12:54.409, 48, P0, 42, 1410, 91.77, 100.88
2023/07/14 10:12:54.423, 48, P0, 41, 1410, 100.88, 100.88
2023/07/14 10:12:54.437, 48, P0, 41, 1410, 100.88, 100.88
2023/07/14 10:12:54.450, 48, P0, 40, 1410, 100.88, 100.88
2023/07/14 10:12:54.463, 48, P0, 40, 1410, 100.88, 100.88
2023/07/14 10:12:54.478, 48, P0, 41, 1410, 100.88, 100.88
2023/07/14 10:12:54.490, 48, P0, 41, 1410, 100.88, 100.88
2023/07/14 10:12:54.502, 48, P0, 41, 1410, 100.88, 100.88
2023/07/14 10:12:54.517, 48, P0, 42, 1410, 112.22, 112.22
2023/07/14 10:12:54.529, 48, P0, 42, 1410, 112.22, 112.22
2023/07/14 10:12:54.541, 48, P0, 40, 1410, 112.22, 112.22
2023/07/14 10:12:54.556, 48, P0, 40, 1410, 112.22, 112.22
2023/07/14 10:12:54.569, 48, P0, 40, 1410, 112.22, 112.22
2023/07/14 10:12:54.581, 48, P0, 40, 1410, 112.22, 112.22
2023/07/14 10:12:54.594, 48, P0, 41, 1410, 112.22, 112.22
2023/07/14 10:12:54.606, 48, P0, 42, 1410, 112.22, 112.22
2023/07/14 10:12:54.620, 48, P0, 42, 1410, 126.31, 126.31
2023/07/14 10:12:54.632, 48, P0, 41, 1410, 126.31, 126.31
2023/07/14 10:12:54.645, 48, P0, 41, 1410, 126.31, 126.31
2023/07/14 10:12:54.660, 48, P0, 40, 1410, 126.31, 126.31
2023/07/14 10:12:54.673, 48, P0, 40, 1410, 126.31, 126.31
2023/07/14 10:12:54.685, 48, P0, 41, 1410, 126.31, 126.31
2023/07/14 10:12:54.700, 48, P0, 41, 1410, 126.31, 126.31
2023/07/14 10:12:54.713, 48, P0, 41, 1410, 126.31, 143.31
2023/07/14 10:12:54.726, 48, P0, 41, 1410, 143.31, 143.31
2023/07/14 10:12:54.741, 48, P0, 41, 1410, 143.31, 143.31
2023/07/14 10:12:54.754, 48, P0, 40, 1410, 143.31, 143.31
2023/07/14 10:12:54.766, 48, P0, 40, 1410, 143.31, 143.31
2023/07/14 10:12:54.781, 48, P0, 41, 1410, 143.31, 143.31
2023/07/14 10:12:54.793, 48, P0, 41, 1410, 143.31, 143.31
2023/07/14 10:12:54.805, 48, P0, 42, 1410, 143.31, 143.31
2023/07/14 10:12:54.819, 48, P0, 42, 1410, 170.00, 170.00
2023/07/14 10:12:54.833, 48, P0, 42, 1410, 170.00, 170.00
2023/07/14 10:12:54.845, 48, P0, 41, 1410, 170.00, 170.00
2023/07/14 10:12:54.861, 48, P0, 41, 1410, 170.00, 170.00
2023/07/14 10:12:54.873, 48, P0, 40, 1410, 170.00, 170.00
2023/07/14 10:12:54.885, 48, P0, 40, 1410, 170.00, 170.00
2023/07/14 10:12:54.900, 48, P0, 41, 1410, 170.00, 170.00
2023/07/14 10:12:54.912, 48, P0, 41, 1410, 170.00, 170.00
2023/07/14 10:12:54.925, 48, P0, 41, 1410, 181.39, 181.39
2023/07/14 10:12:54.938, 48, P0, 41, 1410, 181.39, 181.39
2023/07/14 10:12:54.950, 48, P0, 41, 1410, 181.39, 181.39
2023/07/14 10:12:54.964, 48, P0, 40, 1410, 181.39, 181.39
2023/07/14 10:12:54.977, 48, P0, 40, 1410, 181.39, 181.39
2023/07/14 10:12:54.989, 48, P0, 41, 1410, 181.39, 181.39
2023/07/14 10:12:55.004, 48, P0, 41, 1410, 181.39, 181.39
2023/07/14 10:12:55.016, 48, P0, 42, 1410, 181.39, 180.73
2023/07/14 10:12:55.030, 48, P0, 42, 1410, 180.73, 180.73
2023/07/14 10:12:55.044, 48, P0, 42, 1410, 180.73, 180.73
2023/07/14 10:12:55.057, 48, P0, 41, 1410, 180.73, 180.73
2023/07/14 10:12:55.069, 48, P0, 41, 1410, 180.73, 180.73
2023/07/14 10:12:55.084, 48, P0, 40, 1410, 180.73, 180.73
2023/07/14 10:12:55.096, 48, P0, 40, 1410, 180.73, 180.73
2023/07/14 10:12:55.108, 48, P0, 41, 1410, 180.73, 180.73
2023/07/14 10:12:55.122, 48, P0, 41, 1410, 180.09, 180.09
2023/07/14 10:12:55.135, 48, P0, 41, 1410, 180.09, 180.09
2023/07/14 10:12:55.147, 48, P0, 41, 1410, 180.09, 180.09
2023/07/14 10:12:55.160, 48, P0, 41, 1410, 180.09, 180.09
2023/07/14 10:12:55.172, 48, P0, 40, 1410, 180.09, 180.09
2023/07/14 10:12:55.187, 48, P0, 40, 1410, 180.09, 180.09
2023/07/14 10:12:55.200, 48, P0, 41, 1410, 180.09, 180.09
2023/07/14 10:12:55.212, 48, P0, 41, 1410, 180.09, 180.09
2023/07/14 10:12:55.226, 48, P0, 42, 1410, 179.12, 179.12
2023/07/14 10:12:55.239, 48, P0, 42, 1410, 179.12, 179.12
2023/07/14 10:12:55.251, 48, P0, 42, 1410, 179.12, 179.12
2023/07/14 10:12:55.265, 48, P0, 41, 1410, 179.12, 179.12
2023/07/14 10:12:55.278, 48, P0, 41, 1410, 179.12, 179.12
2023/07/14 10:12:55.290, 48, P0, 40, 1410, 179.12, 179.12
2023/07/14 10:12:55.305, 48, P0, 40, 1410, 179.12, 179.12
2023/07/14 10:12:55.317, 48, P0, 41, 1410, 179.12, 179.12
2023/07/14 10:12:55.330, 48, P0, 41, 1410, 178.08, 178.08
2023/07/14 10:12:55.342, 48, P0, 41, 1410, 178.08, 178.08
2023/07/14 10:12:55.355, 48, P0, 41, 1410, 178.08, 178.08
2023/07/14 10:12:55.368, 48, P0, 41, 1410, 178.08, 178.08
2023/07/14 10:12:55.381, 48, P0, 40, 1410, 178.08, 178.08
2023/07/14 10:12:55.395, 51, P0, 40, 1410, 178.08, 178.08
2023/07/14 10:12:55.409, 51, P0, 41, 1410, 178.08, 178.08
2023/07/14 10:12:55.422, 51, P0, 41, 1410, 178.08, 176.54
2023/07/14 10:12:55.435, 51, P0, 42, 1410, 176.54, 176.54
2023/07/14 10:12:55.450, 51, P0, 42, 1410, 176.54, 176.54
2023/07/14 10:12:55.462, 51, P0, 42, 1410, 176.54, 176.54
2023/07/14 10:12:55.475, 51, P0, 41, 1410, 176.54, 176.54
2023/07/14 10:12:55.490, 51, P0, 41, 1410, 176.54, 176.54
2023/07/14 10:12:55.502, 51, P0, 40, 1410, 176.54, 176.54
2023/07/14 10:12:55.514, 51, P0, 40, 1410, 176.54, 176.54
2023/07/14 10:12:55.529, 51, P0, 41, 1410, 173.98, 173.98
2023/07/14 10:12:55.541, 51, P0, 41, 1410, 173.98, 173.98
2023/07/14 10:12:55.553, 51, P0, 41, 1410, 173.98, 173.98
2023/07/14 10:12:55.568, 51, P0, 41, 1410, 173.98, 173.98
2023/07/14 10:12:55.581, 51, P0, 41, 1410, 173.98, 173.98
2023/07/14 10:12:55.593, 52, P0, 40, 1410, 173.98, 173.98
2023/07/14 10:12:55.606, 52, P0, 40, 1410, 173.98, 173.98
2023/07/14 10:12:55.618, 52, P0, 41, 1410, 173.98, 173.98
2023/07/14 10:12:55.632, 52, P0, 41, 1410, 171.27, 171.27
2023/07/14 10:12:55.645, 52, P0, 42, 1410, 171.27, 171.27
2023/07/14 10:12:55.657, 52, P0, 42, 1410, 171.27, 171.27
2023/07/14 10:12:55.672, 52, P0, 42, 1410, 171.27, 171.27
2023/07/14 10:12:55.684, 52, P0, 40, 1410, 171.27, 171.27
2023/07/14 10:12:55.697, 52, P0, 40, 1410, 171.27, 171.27
2023/07/14 10:12:55.711, 52, P0, 40, 1410, 171.27, 171.27
2023/07/14 10:12:55.723, 52, P0, 40, 1410, 171.27, 171.27
2023/07/14 10:12:55.736, 52, P0, 42, 1410, 169.12, 169.12
2023/07/14 10:12:55.750, 52, P0, 42, 1410, 169.12, 169.12
2023/07/14 10:12:55.763, 52, P0, 42, 1410, 169.12, 169.12
2023/07/14 10:12:55.775, 52, P0, 41, 1410, 169.12, 169.12
2023/07/14 10:12:55.790, 52, P0, 41, 1410, 169.12, 169.12
2023/07/14 10:12:55.802, 52, P0, 40, 1410, 169.12, 169.12
2023/07/14 10:12:55.815, 52, P0, 40, 1410, 169.12, 169.12
2023/07/14 10:12:55.828, 52, P0, 41, 1410, 169.12, 165.77
2023/07/14 10:12:55.841, 52, P0, 41, 1410, 165.77, 165.77
2023/07/14 10:12:55.855, 52, P0, 42, 1410, 165.77, 165.77
2023/07/14 10:12:55.867, 52, P0, 42, 1410, 165.77, 165.77
2023/07/14 10:12:55.879, 52, P0, 42, 1410, 165.77, 165.77
2023/07/14 10:12:55.894, 52, P0, 40, 1410, 165.77, 165.77
2023/07/14 10:12:55.906, 52, P0, 40, 1410, 165.77, 165.77
2023/07/14 10:12:55.918, 52, P0, 40, 1410, 165.77, 165.77
2023/07/14 10:12:55.933, 52, P0, 40, 1410, 60.84, 60.84
2023/07/14 10:12:55.945, 52, P0, 39, 1410, 60.84, 60.84
2023/07/14 10:12:55.957, 52, P0, 39, 1410, 60.84, 60.84
2023/07/14 10:12:55.970, 52, P0, 39, 1410, 60.84, 60.84
2023/07/14 10:12:55.982, 52, P0, 39, 1410, 60.84, 60.84
2023/07/14 10:12:55.997, 26, P0, 39, 1410, 60.84, 60.84
2023/07/14 10:12:56.010, 26, P0, 39, 1410, 60.84, 60.84
2023/07/14 10:12:56.022, 26, P0, 39, 1410, 60.84, 60.84
2023/07/14 10:12:56.037, 26, P0, 39, 1410, 60.42, 60.42
2023/07/14 10:12:56.049, 26, P0, 39, 1410, 60.42, 60.42
2023/07/14 10:12:56.061, 26, P0, 39, 1410, 60.42, 60.42
2023/07/14 10:12:56.076, 26, P0, 39, 1410, 60.42, 60.42
2023/07/14 10:12:56.088, 26, P0, 39, 1410, 60.42, 60.42
2023/07/14 10:12:56.101, 26, P0, 38, 1410, 60.42, 60.42
2023/07/14 10:12:56.115, 26, P0, 38, 1410, 60.42, 60.42
2023/07/14 10:12:56.127, 26, P0, 38, 1410, 60.42, 60.42
2023/07/14 10:12:56.140, 26, P0, 38, 1410, 60.35, 60.35
2023/07/14 10:12:56.156, 26, P0, 38, 1410, 60.35, 60.35
2023/07/14 10:12:56.168, 26, P0, 38, 1410, 60.35, 60.35
2023/07/14 10:12:56.180, 26, P0, 38, 1410, 60.35, 60.35
2023/07/14 10:12:56.193, 26, P0, 38, 1410, 60.35, 60.35
2023/07/14 10:12:56.206, 0, P0, 38, 1410, 60.35, 60.35
2023/07/14 10:12:56.219, 0, P0, 38, 1410, 60.35, 60.35
2023/07/14 10:12:56.232, 0, P0, 38, 1410, 60.35, 59.76
2023/07/14 10:12:56.245, 0, P0, 38, 1410, 59.76, 59.76
2023/07/14 10:12:56.260, 0, P0, 38, 1410, 59.76, 59.76
2023/07/14 10:12:56.273, 0, P0, 38, 1410, 59.76, 59.76
2023/07/14 10:12:56.285, 0, P0, 38, 1410, 59.76, 59.76
2023/07/14 10:12:56.300, 0, P0, 38, 1410, 59.76, 59.76
2023/07/14 10:12:56.313, 0, P0, 38, 1410, 59.76, 59.76
2023/07/14 10:12:56.325, 0, P0, 38, 1410, 59.76, 59.76
2023/07/14 10:12:56.340, 0, P0, 38, 1410, 59.85, 59.85
2023/07/14 10:12:56.352, 0, P0, 38, 1410, 59.85, 59.85
2023/07/14 10:12:56.364, 0, P0, 38, 1410, 59.85, 59.85
2023/07/14 10:12:56.379, 0, P0, 38, 1410, 59.85, 59.85
2023/07/14 10:12:56.391, 0, P0, 38, 1410, 59.85, 59.85
2023/07/14 10:12:56.404, 0, P0, 38, 1410, 59.85, 59.85
2023/07/14 10:12:56.419, 0, P0, 38, 1410, 59.85, 59.85
2023/07/14 10:12:56.431, 0, P0, 38, 1410, 59.85, 59.85
2023/07/14 10:12:56.444, 0, P0, 38, 1410, 59.95, 59.95
2023/07/14 10:12:56.457, 0, P0, 38, 1410, 59.95, 59.95
2023/07/14 10:12:56.469, 0, P0, 38, 1410, 59.95, 59.95
2023/07/14 10:12:56.483, 0, P0, 38, 1410, 59.95, 59.95
2023/07/14 10:12:56.496, 0, P0, 38, 1410, 59.95, 59.95
2023/07/14 10:12:56.508, 0, P0, 38, 1410, 59.95, 59.95
2023/07/14 10:12:56.523, 0, P0, 38, 1410, 59.95, 59.95
2023/07/14 10:12:56.535, 0, P0, 38, 1410, 59.95, 59.66
2023/07/14 10:12:56.548, 0, P0, 38, 1410, 59.66, 59.66
2023/07/14 10:12:56.563, 0, P0, 38, 1410, 59.66, 59.66
2023/07/14 10:12:56.575, 0, P0, 38, 1410, 59.66, 59.66
2023/07/14 10:12:56.588, 0, P0, 38, 1410, 59.66, 59.66
2023/07/14 10:12:56.603, 0, P0, 38, 1410, 59.66, 59.66
2023/07/14 10:12:56.616, 0, P0, 38, 1410, 59.66, 59.66
2023/07/14 10:12:56.628, 0, P0, 38, 1410, 59.66, 59.66
2023/07/14 10:12:56.642, 0, P0, 38, 1410, 59.38, 59.38
2023/07/14 10:12:56.654, 0, P0, 38, 1410, 59.38, 59.38
2023/07/14 10:12:56.667, 0, P0, 38, 1410, 59.38, 59.38
2023/07/14 10:12:56.679, 0, P0, 38, 1410, 59.38, 59.38
2023/07/14 10:12:56.692, 0, P0, 38, 1410, 59.38, 59.38
2023/07/14 10:12:56.706, 0, P0, 38, 1410, 59.38, 59.38
2023/07/14 10:12:56.719, 0, P0, 38, 1410, 59.38, 59.38
2023/07/14 10:12:56.731, 0, P0, 38, 1410, 59.38, 59.38
2023/07/14 10:12:56.746, 0, P0, 38, 1410, 59.76, 59.76
2023/07/14 10:12:56.758, 0, P0, 38, 1410, 59.76, 59.76
2023/07/14 10:12:56.770, 0, P0, 38, 1410, 59.76, 59.76
2023/07/14 10:12:56.785, 0, P0, 38, 1410, 59.76, 59.76
2023/07/14 10:12:56.797, 0, P0, 38, 1410, 59.76, 59.76
2023/07/14 10:12:56.810, 0, P0, 38, 1410, 59.76, 59.76
2023/07/14 10:12:56.825, 0, P0, 38, 1410, 59.76, 59.76
2023/07/14 10:12:56.837, 0, P0, 38, 1410, 59.76, 59.76
2023/07/14 10:12:56.850, 0, P0, 38, 1410, 59.96, 59.96
2023/07/14 10:12:56.864, 0, P0, 38, 1410, 59.96, 59.96
2023/07/14 10:12:56.877, 0, P0, 38, 1410, 59.96, 59.96
2023/07/14 10:12:56.889, 0, P0, 38, 1410, 59.96, 59.96
2023/07/14 10:12:56.902, 0, P0, 38, 1410, 59.96, 59.96
2023/07/14 10:12:56.914, 0, P0, 38, 1410, 59.96, 59.96
2023/07/14 10:12:56.928, 0, P0, 38, 1410, 59.96, 59.96
2023/07/14 10:12:56.941, 0, P0, 38, 1410, 59.96, 59.28
2023/07/14 10:12:56.954, 0, P0, 38, 1410, 59.28, 59.28
2023/07/14 10:12:56.969, 0, P0, 38, 1410, 59.28, 59.28
2023/07/14 10:12:56.982, 0, P0, 38, 1410, 59.28, 59.28
2023/07/14 10:12:56.994, 0, P0, 37, 1410, 59.28, 59.28
2023/07/14 10:12:57.010, 0, P0, 37, 1410, 59.28, 59.28
2023/07/14 10:12:57.023, 0, P0, 37, 1410, 59.28, 59.28
2023/07/14 10:12:57.035, 0, P0, 37, 1410, 59.28, 59.28
2023/07/14 10:12:57.049, 0, P0, 37, 1410, 59.66, 59.66
2023/07/14 10:12:57.062, 0, P0, 37, 1410, 59.66, 59.66
2023/07/14 10:12:57.074, 0, P0, 37, 1410, 59.66, 59.66
2023/07/14 10:12:57.090, 0, P0, 37, 1410, 59.66, 59.66
2023/07/14 10:12:57.102, 0, P0, 37, 1410, 59.66, 59.66
2023/07/14 10:12:57.115, 0, P0, 37, 1410, 59.66, 59.66
2023/07/14 10:12:57.130, 0, P0, 37, 1410, 59.66, 59.66
2023/07/14 10:12:57.143, 0, P0, 37, 1410, 59.66, 59.47
2023/07/14 10:12:57.156, 0, P0, 37, 1410, 59.47, 59.47
2023/07/14 10:12:57.171, 0, P0, 37, 1410, 59.47, 59.47
2023/07/14 10:12:57.183, 0, P0, 37, 1410, 59.47, 59.47
2023/07/14 10:12:57.195, 0, P0, 37, 1410, 59.47, 59.47
2023/07/14 10:12:57.210, 0, P0, 37, 1410, 59.47, 59.47
2023/07/14 10:12:57.222, 0, P0, 37, 1410, 59.47, 59.47
2023/07/14 10:12:57.235, 0, P0, 37, 1410, 59.47, 59.47
2023/07/14 10:12:57.249, 0, P0, 37, 1410, 59.20, 59.20
2023/07/14 10:12:57.262, 0, P0, 37, 1410, 59.20, 59.20
2023/07/14 10:12:57.274, 0, P0, 37, 1410, 59.20, 59.20
2023/07/14 10:12:57.287, 0, P0, 37, 1410, 59.20, 59.20
2023/07/14 10:12:57.299, 0, P0, 37, 1410, 59.20, 59.20
2023/07/14 10:12:57.313, 0, P0, 37, 1410, 59.20, 59.20
2023/07/14 10:12:57.325, 0, P0, 37, 1410, 59.20, 59.20
2023/07/14 10:12:57.338, 0, P0, 37, 1410, 59.20, 59.20
2023/07/14 10:12:57.353, 0, P0, 37, 1410, 59.76, 59.76
2023/07/14 10:12:57.365, 0, P0, 37, 1410, 59.76, 59.76
2023/07/14 10:12:57.377, 0, P0, 37, 1410, 59.76, 59.76
2023/07/14 10:12:57.392, 0, P0, 37, 1410, 59.76, 59.76
2023/07/14 10:12:57.404, 0, P0, 37, 1410, 59.76, 59.76
2023/07/14 10:12:57.416, 0, P0, 37, 1410, 59.76, 59.76
2023/07/14 10:12:57.431, 0, P0, 37, 1410, 59.76, 59.76
2023/07/14 10:12:57.443, 0, P0, 37, 1410, 59.76, 59.76
2023/07/14 10:12:57.456, 0, P0, 37, 1410, 59.66, 59.66
2023/07/14 10:12:57.469, 0, P0, 37, 1410, 59.66, 59.66
2023/07/14 10:12:57.481, 0, P0, 37, 1410, 59.66, 59.66
2023/07/14 10:12:57.495, 0, P0, 37, 1410, 59.66, 59.66
2023/07/14 10:12:57.508, 0, P0, 37, 1410, 59.66, 59.66
2023/07/14 10:12:57.520, 0, P0, 37, 1410, 59.66, 59.66
2023/07/14 10:12:57.535, 0, P0, 37, 1410, 59.66, 59.66
2023/07/14 10:12:57.548, 0, P0, 37, 1410, 59.66, 59.28
2023/07/14 10:12:57.561, 0, P0, 37, 1410, 59.28, 59.28
2023/07/14 10:12:57.575, 0, P0, 37, 1410, 59.28, 59.28
2023/07/14 10:12:57.587, 0, P0, 37, 1410, 59.28, 59.28
2023/07/14 10:12:57.600, 0, P0, 37, 1410, 59.28, 59.28
2023/07/14 10:12:57.615, 0, P0, 37, 1410, 59.28, 59.28
2023/07/14 10:12:57.628, 0, P0, 37, 1410, 59.28, 59.28
2023/07/14 10:12:57.640, 0, P0, 37, 1410, 59.28, 59.28
2023/07/14 10:12:57.654, 0, P0, 37, 1410, 59.20, 59.20
2023/07/14 10:12:57.667, 0, P0, 37, 1410, 59.20, 59.20
2023/07/14 10:12:57.679, 0, P0, 37, 1410, 59.20, 59.20
2023/07/14 10:12:57.694, 0, P0, 37, 1410, 59.20, 59.20
2023/07/14 10:12:57.706, 0, P0, 37, 1410, 59.20, 59.20
2023/07/14 10:12:57.719, 0, P0, 37, 1410, 59.20, 59.20
2023/07/14 10:12:57.732, 0, P0, 37, 1410, 59.20, 59.20
2023/07/14 10:12:57.744, 0, P0, 37, 1410, 59.20, 59.20
2023/07/14 10:12:57.759, 0, P0, 37, 1410, 59.76, 59.76
2023/07/14 10:12:57.772, 0, P0, 37, 1410, 59.76, 59.76
2023/07/14 10:12:57.784, 0, P0, 37, 1410, 59.76, 59.76
2023/07/14 10:12:57.798, 0, P0, 37, 1410, 59.76, 59.76
2023/07/14 10:12:57.814, 0, P0, 37, 1410, 59.76, 59.76
2023/07/14 10:12:57.827, 0, P0, 37, 1410, 59.76, 59.76
2023/07/14 10:12:57.839, 0, P0, 37, 1410, 59.76, 59.76
2023/07/14 10:12:57.852, 0, P0, 37, 1410, 59.01, 59.01
2023/07/14 10:12:57.866, 0, P0, 37, 1410, 59.01, 59.01
2023/07/14 10:12:57.880, 0, P0, 37, 1410, 59.01, 59.01
2023/07/14 10:12:57.892, 0, P0, 37, 1410, 59.01, 59.01
2023/07/14 10:12:57.904, 0, P0, 37, 1410, 59.01, 59.01
2023/07/14 10:12:57.920, 0, P0, 37, 1410, 59.01, 59.01
2023/07/14 10:12:57.933, 0, P0, 37, 1410, 59.01, 59.01
2023/07/14 10:12:57.945, 0, P0, 37, 1410, 59.01, 59.01
2023/07/14 10:12:57.960, 0, P0, 37, 1410, 59.57, 59.57
2023/07/14 10:12:57.972, 0, P0, 37, 1410, 59.57, 59.57
2023/07/14 10:12:57.985, 0, P0, 37, 1410, 59.57, 59.57
2023/07/14 10:12:57.999, 0, P0, 37, 1410, 59.57, 59.57
2023/07/14 10:12:58.011, 0, P0, 37, 1410, 59.57, 59.57
2023/07/14 10:12:58.024, 0, P0, 37, 1410, 59.57, 59.57
2023/07/14 10:12:58.040, 0, P0, 37, 1410, 59.57, 59.57
2023/07/14 10:12:58.052, 0, P0, 37, 1410, 59.57, 59.57
2023/07/14 10:12:58.065, 0, P0, 37, 1410, 59.66, 59.66
2023/07/14 10:12:58.079, 0, P0, 37, 1410, 59.66, 59.66
2023/07/14 10:12:58.091, 0, P0, 37, 1410, 59.66, 59.66
2023/07/14 10:12:58.104, 0, P0, 37, 1410, 59.66, 59.66
2023/07/14 10:12:58.116, 0, P0, 37, 1410, 59.66, 59.66
2023/07/14 10:12:58.129, 0, P0, 37, 1410, 59.66, 59.66
2023/07/14 10:12:58.144, 0, P0, 37, 1410, 59.66, 59.66
2023/07/14 10:12:58.157, 0, P0, 37, 1410, 58.91, 58.91
2023/07/14 10:12:58.170, 0, P0, 37, 1410, 58.91, 58.91
2023/07/14 10:12:58.184, 0, P0, 37, 1410, 58.91, 58.91
2023/07/14 10:12:58.197, 0, P0, 37, 1410, 58.91, 58.91
2023/07/14 10:12:58.209, 0, P0, 37, 1410, 58.91, 58.91
2023/07/14 10:12:58.224, 0, P0, 37, 1410, 58.91, 58.91
2023/07/14 10:12:58.237, 0, P0, 37, 1410, 58.91, 58.91
2023/07/14 10:12:58.249, 0, P0, 37, 1410, 58.91, 58.91
2023/07/14 10:12:58.264, 0, P0, 37, 1410, 59.66, 59.66
2023/07/14 10:12:58.277, 0, P0, 37, 1410, 59.66, 59.66
2023/07/14 10:12:58.289, 0, P0, 37, 1410, 59.66, 59.66
2023/07/14 10:12:58.304, 0, P0, 37, 1410, 59.66, 59.66
2023/07/14 10:12:58.316, 0, P0, 37, 1410, 59.66, 59.66
2023/07/14 10:12:58.328, 0, P0, 37, 1410, 59.66, 59.66
2023/07/14 10:12:58.344, 0, P0, 37, 1410, 59.66, 59.66
2023/07/14 10:12:58.356, 0, P0, 37, 1410, 59.66, 59.66
2023/07/14 10:12:58.369, 0, P0, 37, 1410, 59.57, 59.57
2023/07/14 10:12:58.383, 0, P0, 37, 1410, 59.57, 59.57
2023/07/14 10:12:58.395, 0, P0, 37, 1410, 59.57, 59.57
2023/07/14 10:12:58.408, 0, P0, 37, 1410, 59.57, 59.57
2023/07/14 10:12:58.421, 0, P0, 37, 1410, 59.57, 59.57
2023/07/14 10:12:58.433, 0, P0, 37, 1410, 59.57, 59.57
2023/07/14 10:12:58.448, 0, P0, 37, 1410, 59.57, 59.57
2023/07/14 10:12:58.460, 0, P0, 37, 1410, 58.82, 58.82
2023/07/14 10:12:58.474, 0, P0, 37, 1410, 58.82, 58.82
2023/07/14 10:12:58.487, 0, P0, 37, 1410, 58.82, 58.82
2023/07/14 10:12:58.500, 0, P0, 37, 1410, 58.82, 58.82
2023/07/14 10:12:58.513, 0, P0, 37, 1410, 58.82, 58.82
2023/07/14 10:12:58.527, 0, P0, 37, 1410, 58.82, 58.82
2023/07/14 10:12:58.539, 0, P0, 37, 1410, 58.82, 58.82
2023/07/14 10:12:58.551, 0, P0, 37, 1410, 58.82, 58.82
2023/07/14 10:12:58.566, 0, P0, 37, 1410, 59.20, 59.20
2023/07/14 10:12:58.578, 0, P0, 37, 1410, 59.20, 59.20
2023/07/14 10:12:58.590, 0, P0, 37, 1410, 59.20, 59.20
2023/07/14 10:12:58.606, 0, P0, 37, 1410, 59.20, 59.20
2023/07/14 10:12:58.618, 0, P0, 37, 1410, 59.20, 59.20
2023/07/14 10:12:58.631, 0, P0, 37, 1410, 59.20, 59.20
2023/07/14 10:12:58.646, 0, P0, 37, 1410, 59.20, 59.20
2023/07/14 10:12:58.658, 0, P0, 37, 1410, 59.20, 59.20
2023/07/14 10:12:58.671, 0, P0, 37, 1410, 59.66, 59.66
2023/07/14 10:12:58.684, 0, P0, 37, 1410, 59.66, 59.66
2023/07/14 10:12:58.696, 0, P0, 37, 1410, 59.66, 59.66
2023/07/14 10:12:58.710, 0, P0, 37, 1410, 59.66, 59.66
2023/07/14 10:12:58.723, 0, P0, 37, 1410, 59.66, 59.66
2023/07/14 10:12:58.735, 0, P0, 37, 1410, 59.66, 59.66
2023/07/14 10:12:58.750, 0, P0, 37, 1410, 59.66, 59.66
2023/07/14 10:12:58.762, 0, P0, 37, 1410, 59.66, 59.09
2023/07/14 10:12:58.776, 0, P0, 37, 1410, 59.09, 59.09
2023/07/14 10:12:58.790, 0, P0, 37, 1410, 59.09, 59.09
2023/07/14 10:12:58.803, 0, P0, 37, 1410, 59.09, 59.09
2023/07/14 10:12:58.815, 0, P0, 37, 1410, 59.09, 59.09
2023/07/14 10:12:58.831, 0, P0, 37, 1410, 59.09, 59.09
2023/07/14 10:12:58.844, 0, P0, 37, 1410, 59.09, 59.09
2023/07/14 10:12:58.857, 0, P0, 37, 1410, 59.09, 59.09
2023/07/14 10:12:58.872, 0, P0, 37, 1410, 59.68, 59.68
2023/07/14 10:12:58.884, 0, P0, 37, 1410, 59.68, 59.68
2023/07/14 10:12:58.897, 0, P0, 37, 1410, 59.68, 59.68
2023/07/14 10:12:58.912, 0, P0, 37, 1410, 59.68, 59.68
2023/07/14 10:12:58.924, 0, P0, 37, 1410, 59.68, 59.68
2023/07/14 10:12:58.936, 0, P0, 37, 1410, 59.68, 59.68
2023/07/14 10:12:58.951, 0, P0, 37, 1410, 59.68, 59.68
2023/07/14 10:12:58.963, 0, P0, 37, 1410, 59.68, 59.29
2023/07/14 10:12:58.977, 0, P0, 37, 1410, 59.29, 59.29
2023/07/14 10:12:58.991, 0, P0, 37, 1410, 59.29, 59.29
2023/07/14 10:12:59.007, 0, P0, 37, 1410, 59.29, 59.29
2023/07/14 10:12:59.020, 0, P0, 37, 1410, 59.29, 59.29
2023/07/14 10:12:59.035, 1, P0, 37, 1410, 59.29, 59.29
2023/07/14 10:12:59.051, 1, P0, 37, 1410, 59.29, 59.29
2023/07/14 10:12:59.064, 1, P0, 37, 1410, 59.29, 60.82
2023/07/14 10:12:59.078, 1, P0, 37, 1410, 60.82, 60.82
2023/07/14 10:12:59.093, 1, P0, 37, 1410, 60.82, 60.82
2023/07/14 10:12:59.107, 1, P0, 37, 1410, 60.82, 60.82
2023/07/14 10:12:59.120, 1, P0, 37, 1410, 60.82, 60.82
2023/07/14 10:12:59.134, 1, P0, 37, 1410, 60.82, 60.82
2023/07/14 10:12:59.148, 1, P0, 37, 1410, 60.82, 60.82
2023/07/14 10:12:59.161, 1, P0, 37, 1410, 60.82, 60.82
