timestamp, power.draw [W], utilization.gpu [%], utilization.memory [%]
2023/04/24 14:46:48.321, 46.38, 0, 0
2023/04/24 14:46:48.331, 46.38, 0, 0
2023/04/24 14:46:48.345, 46.38, 0, 0
2023/04/24 14:46:48.354, 46.38, 0, 0
2023/04/24 14:46:48.363, 46.38, 0, 0
2023/04/24 14:46:48.372, 46.38, 0, 0
2023/04/24 14:46:48.384, 46.38, 0, 0
2023/04/24 14:46:48.393, 46.59, 0, 0
2023/04/24 14:46:48.404, 46.59, 0, 0
2023/04/24 14:46:48.413, 46.59, 0, 0
2023/04/24 14:46:48.424, 46.59, 0, 0
2023/04/24 14:46:48.433, 46.59, 0, 0
2023/04/24 14:46:48.445, 46.59, 0, 0
2023/04/24 14:46:48.454, 46.59, 0, 0
2023/04/24 14:46:48.466, 46.59, 0, 0
2023/04/24 14:46:48.476, 46.78, 0, 0
2023/04/24 14:46:48.497, 46.78, 0, 0
2023/04/24 14:46:48.509, 46.78, 0, 0
2023/04/24 14:46:48.529, 46.78, 0, 0
2023/04/24 14:46:48.539, 46.78, 0, 0
2023/04/24 14:46:48.551, 46.78, 0, 0
2023/04/24 14:46:48.566, 46.78, 0, 0
2023/04/24 14:46:48.577, 46.78, 0, 0
2023/04/24 14:46:48.588, 46.78, 0, 0
2023/04/24 14:46:48.600, 46.78, 0, 0
2023/04/24 14:46:48.611, 46.78, 0, 0
2023/04/24 14:46:48.623, 46.78, 0, 0
2023/04/24 14:46:48.635, 46.78, 0, 0
2023/04/24 14:46:48.649, 46.78, 0, 0
2023/04/24 14:46:48.660, 46.78, 0, 0
2023/04/24 14:46:48.684, 46.78, 0, 0
2023/04/24 14:46:48.693, 50.31, 0, 0
2023/04/24 14:46:48.703, 50.31, 0, 0
2023/04/24 14:46:48.713, 50.31, 0, 0
2023/04/24 14:46:48.723, 50.31, 0, 0
2023/04/24 14:46:48.732, 50.31, 0, 0
2023/04/24 14:46:48.744, 50.31, 0, 0
2023/04/24 14:46:48.755, 50.31, 0, 0
2023/04/24 14:46:48.765, 50.31, 0, 0
2023/04/24 14:46:48.775, 50.31, 0, 0
2023/04/24 14:46:48.786, 50.31, 0, 0
2023/04/24 14:46:48.797, 51.20, 0, 0
2023/04/24 14:46:48.811, 51.20, 0, 0
2023/04/24 14:46:48.820, 51.20, 0, 0
2023/04/24 14:46:48.831, 51.20, 0, 0
2023/04/24 14:46:48.842, 51.20, 0, 0
2023/04/24 14:46:48.852, 51.20, 0, 0
2023/04/24 14:46:48.861, 51.20, 0, 0
2023/04/24 14:46:48.871, 51.20, 2, 0
2023/04/24 14:46:48.880, 51.20, 2, 0
2023/04/24 14:46:48.891, 51.20, 2, 0
2023/04/24 14:46:48.899, 61.86, 2, 0
2023/04/24 14:46:48.907, 61.86, 2, 0
2023/04/24 14:46:48.918, 61.86, 2, 0
2023/04/24 14:46:48.926, 61.86, 2, 0
2023/04/24 14:46:48.934, 61.86, 2, 0
2023/04/24 14:46:48.943, 61.86, 2, 0
2023/04/24 14:46:48.952, 61.86, 2, 0
2023/04/24 14:46:48.961, 61.86, 2, 0
2023/04/24 14:46:48.969, 61.86, 2, 0
2023/04/24 14:46:48.977, 61.86, 2, 0
2023/04/24 14:46:48.985, 61.86, 2, 0
2023/04/24 14:46:48.993, 61.86, 2, 0
2023/04/24 14:46:49.002, 63.33, 2, 0
2023/04/24 14:46:49.012, 63.33, 2, 0
2023/04/24 14:46:49.021, 63.33, 2, 0
2023/04/24 14:46:49.029, 63.33, 2, 0
2023/04/24 14:46:49.037, 63.33, 2, 0
2023/04/24 14:46:49.045, 63.33, 2, 0
2023/04/24 14:46:49.054, 63.33, 2, 0
2023/04/24 14:46:49.062, 63.33, 2, 0
2023/04/24 14:46:49.073, 63.33, 3, 0
2023/04/24 14:46:49.082, 63.33, 3, 0
2023/04/24 14:46:49.090, 63.33, 3, 0
2023/04/24 14:46:49.098, 62.95, 3, 0
2023/04/24 14:46:49.106, 62.95, 3, 0
2023/04/24 14:46:49.115, 62.95, 3, 0
2023/04/24 14:46:49.123, 62.95, 3, 0
2023/04/24 14:46:49.131, 62.95, 3, 0
2023/04/24 14:46:49.139, 62.95, 3, 0
2023/04/24 14:46:49.147, 62.95, 3, 0
2023/04/24 14:46:49.156, 62.95, 3, 0
2023/04/24 14:46:49.164, 62.95, 3, 0
2023/04/24 14:46:49.175, 62.95, 3, 0
2023/04/24 14:46:49.183, 62.95, 3, 0
2023/04/24 14:46:49.191, 62.95, 3, 0
2023/04/24 14:46:49.199, 63.03, 3, 0
2023/04/24 14:46:49.208, 63.03, 3, 0
2023/04/24 14:46:49.216, 63.03, 3, 0
2023/04/24 14:46:49.224, 63.03, 3, 0
2023/04/24 14:46:49.235, 63.03, 3, 0
2023/04/24 14:46:49.243, 63.03, 3, 0
2023/04/24 14:46:49.252, 63.03, 3, 0
2023/04/24 14:46:49.260, 63.03, 3, 0
2023/04/24 14:46:49.268, 63.03, 3, 0
2023/04/24 14:46:49.277, 63.03, 1, 0
2023/04/24 14:46:49.285, 63.03, 1, 0
2023/04/24 14:46:49.293, 63.03, 1, 0
2023/04/24 14:46:49.301, 63.14, 1, 0
2023/04/24 14:46:49.309, 63.14, 1, 0
2023/04/24 14:46:49.317, 63.14, 1, 0
2023/04/24 14:46:49.326, 63.14, 1, 0
2023/04/24 14:46:49.336, 63.14, 1, 0
2023/04/24 14:46:49.345, 63.14, 1, 0
2023/04/24 14:46:49.353, 63.14, 1, 0
2023/04/24 14:46:49.361, 63.14, 1, 0
2023/04/24 14:46:49.369, 63.14, 1, 0
2023/04/24 14:46:49.378, 63.14, 1, 0
2023/04/24 14:46:49.386, 63.14, 1, 0
2023/04/24 14:46:49.394, 63.14, 1, 0
2023/04/24 14:46:49.402, 63.04, 1, 0
2023/04/24 14:46:49.410, 63.04, 1, 0
2023/04/24 14:46:49.419, 63.04, 1, 0
2023/04/24 14:46:49.427, 63.04, 1, 0
2023/04/24 14:46:49.438, 63.04, 1, 0
2023/04/24 14:46:49.446, 63.04, 1, 0
2023/04/24 14:46:49.454, 63.04, 1, 0
2023/04/24 14:46:49.462, 63.04, 1, 0
2023/04/24 14:46:49.471, 63.04, 1, 0
2023/04/24 14:46:49.479, 63.04, 0, 0
2023/04/24 14:46:49.487, 63.04, 0, 0
2023/04/24 14:46:49.498, 63.04, 0, 0
2023/04/24 14:46:49.508, 63.63, 0, 0
2023/04/24 14:46:49.519, 63.63, 0, 0
2023/04/24 14:46:49.527, 63.63, 0, 0
2023/04/24 14:46:49.535, 63.63, 0, 0
2023/04/24 14:46:49.543, 63.63, 0, 0
2023/04/24 14:46:49.551, 63.63, 0, 0
2023/04/24 14:46:49.560, 63.63, 0, 0
2023/04/24 14:46:49.568, 63.63, 0, 0
2023/04/24 14:46:49.579, 63.63, 0, 0
2023/04/24 14:46:49.587, 63.63, 0, 0
2023/04/24 14:46:49.595, 63.63, 0, 0
2023/04/24 14:46:49.604, 63.04, 0, 0
2023/04/24 14:46:49.612, 63.04, 0, 0
2023/04/24 14:46:49.620, 63.04, 0, 0
2023/04/24 14:46:49.629, 63.04, 0, 0
2023/04/24 14:46:49.640, 63.04, 0, 0
2023/04/24 14:46:49.648, 63.04, 0, 0
2023/04/24 14:46:49.656, 63.04, 0, 0
2023/04/24 14:46:49.664, 63.04, 0, 0
2023/04/24 14:46:49.672, 63.04, 0, 0
2023/04/24 14:46:49.681, 63.04, 1, 0
2023/04/24 14:46:49.689, 63.04, 1, 0
2023/04/24 14:46:49.700, 63.04, 1, 0
2023/04/24 14:46:49.709, 63.63, 1, 0
2023/04/24 14:46:49.717, 63.63, 1, 0
2023/04/24 14:46:49.725, 63.63, 1, 0
2023/04/24 14:46:49.733, 63.63, 1, 0
2023/04/24 14:46:49.742, 63.63, 1, 0
2023/04/24 14:46:49.750, 63.63, 1, 0
2023/04/24 14:46:49.758, 63.63, 1, 0
2023/04/24 14:46:49.766, 63.63, 1, 0
2023/04/24 14:46:49.774, 63.63, 1, 0
2023/04/24 14:46:49.783, 63.63, 1, 0
2023/04/24 14:46:49.791, 63.63, 1, 0
2023/04/24 14:46:49.802, 63.63, 1, 0
2023/04/24 14:46:49.810, 63.53, 1, 0
2023/04/24 14:46:49.818, 63.53, 1, 0
2023/04/24 14:46:49.826, 63.53, 1, 0
2023/04/24 14:46:49.834, 63.53, 1, 0
2023/04/24 14:46:49.843, 63.53, 1, 0
2023/04/24 14:46:49.851, 63.53, 1, 0
2023/04/24 14:46:49.859, 63.53, 1, 0
2023/04/24 14:46:49.867, 63.53, 1, 0
2023/04/24 14:46:49.876, 63.53, 1, 0
2023/04/24 14:46:49.884, 63.53, 1, 0
2023/04/24 14:46:49.892, 63.53, 1, 0
2023/04/24 14:46:49.903, 63.53, 1, 0
2023/04/24 14:46:49.911, 63.63, 1, 0
2023/04/24 14:46:49.919, 63.63, 1, 0
2023/04/24 14:46:49.927, 63.63, 1, 0
2023/04/24 14:46:49.936, 63.63, 1, 0
2023/04/24 14:46:49.944, 63.63, 1, 0
2023/04/24 14:46:49.952, 63.63, 1, 0
2023/04/24 14:46:49.960, 63.63, 1, 0
2023/04/24 14:46:49.969, 63.63, 1, 0
2023/04/24 14:46:49.977, 63.63, 1, 0
2023/04/24 14:46:49.985, 63.63, 1, 0
2023/04/24 14:46:49.993, 63.63, 1, 0
2023/04/24 14:46:50.004, 63.63, 1, 0
2023/04/24 14:46:50.012, 63.63, 1, 0
2023/04/24 14:46:50.020, 63.63, 1, 0
2023/04/24 14:46:50.028, 63.63, 1, 0
2023/04/24 14:46:50.037, 63.63, 1, 0
2023/04/24 14:46:50.045, 63.63, 1, 0
2023/04/24 14:46:50.053, 63.63, 1, 0
2023/04/24 14:46:50.061, 63.63, 1, 0
2023/04/24 14:46:50.070, 63.63, 1, 0
2023/04/24 14:46:50.078, 63.63, 1, 0
2023/04/24 14:46:50.087, 63.63, 0, 0
2023/04/24 14:46:50.095, 63.63, 0, 0
2023/04/24 14:46:50.105, 63.63, 0, 0
2023/04/24 14:46:50.113, 63.53, 0, 0
2023/04/24 14:46:50.122, 63.53, 0, 0
2023/04/24 14:46:50.130, 63.53, 0, 0
2023/04/24 14:46:50.138, 63.53, 0, 0
2023/04/24 14:46:50.147, 63.53, 0, 0
2023/04/24 14:46:50.155, 63.53, 0, 0
2023/04/24 14:46:50.166, 63.53, 0, 0
2023/04/24 14:46:50.174, 63.53, 0, 0
2023/04/24 14:46:50.182, 63.53, 0, 0
2023/04/24 14:46:50.190, 63.53, 0, 0
2023/04/24 14:46:50.198, 63.53, 0, 0
2023/04/24 14:46:50.207, 63.53, 0, 0
2023/04/24 14:46:50.215, 63.43, 0, 0
2023/04/24 14:46:50.223, 63.43, 0, 0
2023/04/24 14:46:50.231, 63.43, 0, 0
2023/04/24 14:46:50.239, 63.43, 0, 0
2023/04/24 14:46:50.248, 63.43, 0, 0
2023/04/24 14:46:50.256, 63.43, 0, 0
2023/04/24 14:46:50.267, 63.43, 0, 0
2023/04/24 14:46:50.275, 63.43, 0, 0
2023/04/24 14:46:50.283, 63.43, 0, 0
2023/04/24 14:46:50.292, 63.43, 0, 0
2023/04/24 14:46:50.300, 63.43, 0, 0
2023/04/24 14:46:50.308, 63.43, 0, 0
2023/04/24 14:46:50.317, 63.53, 0, 0
2023/04/24 14:46:50.327, 63.53, 0, 0
2023/04/24 14:46:50.336, 63.53, 0, 0
2023/04/24 14:46:50.344, 63.53, 0, 0
2023/04/24 14:46:50.352, 63.53, 0, 0
2023/04/24 14:46:50.360, 63.53, 0, 0
2023/04/24 14:46:50.369, 63.53, 0, 0
2023/04/24 14:46:50.377, 63.53, 0, 0
2023/04/24 14:46:50.388, 63.53, 0, 0
2023/04/24 14:46:50.396, 63.53, 0, 0
2023/04/24 14:46:50.404, 63.53, 0, 0
2023/04/24 14:46:50.412, 63.14, 0, 0
2023/04/24 14:46:50.421, 63.14, 0, 0
2023/04/24 14:46:50.429, 63.14, 0, 0
2023/04/24 14:46:50.437, 63.14, 0, 0
2023/04/24 14:46:50.449, 63.14, 0, 0
2023/04/24 14:46:50.457, 63.14, 0, 0
2023/04/24 14:46:50.465, 63.14, 0, 0
2023/04/24 14:46:50.473, 63.14, 0, 0
2023/04/24 14:46:50.481, 63.14, 0, 0
2023/04/24 14:46:50.490, 63.14, 1, 0
2023/04/24 14:46:50.498, 63.14, 1, 0
2023/04/24 14:46:50.510, 63.14, 1, 0
2023/04/24 14:46:50.518, 63.63, 1, 0
2023/04/24 14:46:50.526, 63.63, 1, 0
2023/04/24 14:46:50.534, 63.63, 1, 0
2023/04/24 14:46:50.542, 63.63, 1, 0
2023/04/24 14:46:50.551, 63.63, 1, 0
2023/04/24 14:46:50.559, 63.63, 1, 0
2023/04/24 14:46:50.567, 63.63, 1, 0
2023/04/24 14:46:50.575, 63.63, 1, 0
2023/04/24 14:46:50.583, 63.63, 1, 0
2023/04/24 14:46:50.591, 63.63, 1, 0
2023/04/24 14:46:50.600, 63.63, 1, 0
2023/04/24 14:46:50.610, 63.63, 1, 0
2023/04/24 14:46:50.618, 63.43, 1, 0
2023/04/24 14:46:50.627, 63.43, 1, 0
2023/04/24 14:46:50.635, 63.43, 1, 0
2023/04/24 14:46:50.643, 63.43, 1, 0
2023/04/24 14:46:50.652, 63.43, 1, 0
2023/04/24 14:46:50.660, 63.43, 1, 0
2023/04/24 14:46:50.668, 63.43, 1, 0
2023/04/24 14:46:50.676, 63.43, 1, 0
2023/04/24 14:46:50.684, 63.43, 1, 0
2023/04/24 14:46:50.692, 63.43, 1, 0
2023/04/24 14:46:50.701, 63.43, 1, 0
2023/04/24 14:46:50.712, 63.43, 1, 0
2023/04/24 14:46:50.720, 52.68, 1, 0
2023/04/24 14:46:50.729, 52.68, 1, 0
2023/04/24 14:46:50.738, 52.68, 1, 0
2023/04/24 14:46:50.747, 52.68, 1, 0
2023/04/24 14:46:50.755, 52.68, 1, 0
2023/04/24 14:46:50.764, 52.68, 1, 0
2023/04/24 14:46:50.773, 52.68, 1, 0
2023/04/24 14:46:50.781, 52.68, 1, 0
2023/04/24 14:46:50.793, 52.68, 1, 0
2023/04/24 14:46:50.802, 52.68, 1, 0
2023/04/24 14:46:50.813, 52.68, 1, 0
2023/04/24 14:46:50.822, 51.00, 1, 0
2023/04/24 14:46:50.830, 51.00, 1, 0
2023/04/24 14:46:50.838, 51.00, 1, 0
2023/04/24 14:46:50.847, 51.00, 1, 0
2023/04/24 14:46:50.855, 51.00, 1, 0
2023/04/24 14:46:50.864, 51.00, 1, 0
2023/04/24 14:46:50.874, 51.00, 1, 0
2023/04/24 14:46:50.883, 51.00, 1, 0
2023/04/24 14:46:50.894, 51.00, 1, 0
2023/04/24 14:46:50.903, 51.00, 1, 0
2023/04/24 14:46:50.915, 51.00, 1, 0
2023/04/24 14:46:50.923, 51.00, 1, 0
2023/04/24 14:46:50.932, 51.00, 1, 0
2023/04/24 14:46:50.940, 51.00, 1, 0
2023/04/24 14:46:50.948, 51.00, 1, 0
2023/04/24 14:46:50.957, 51.00, 1, 0
2023/04/24 14:46:50.965, 51.00, 1, 0
2023/04/24 14:46:50.976, 51.00, 1, 0
2023/04/24 14:46:50.985, 51.00, 1, 0
2023/04/24 14:46:50.996, 51.00, 1, 0
2023/04/24 14:46:51.004, 51.00, 1, 0
2023/04/24 14:46:51.013, 51.00, 1, 0
2023/04/24 14:46:51.021, 50.81, 1, 0
2023/04/24 14:46:51.030, 50.81, 1, 0
2023/04/24 14:46:51.038, 50.81, 1, 0
2023/04/24 14:46:51.047, 50.81, 1, 0
2023/04/24 14:46:51.057, 50.81, 1, 0
2023/04/24 14:46:51.065, 50.81, 1, 0
2023/04/24 14:46:51.074, 50.81, 1, 0
2023/04/24 14:46:51.082, 50.81, 1, 0
2023/04/24 14:46:51.091, 50.81, 1, 0
2023/04/24 14:46:51.100, 50.81, 1, 0
2023/04/24 14:46:51.109, 50.81, 1, 0
2023/04/24 14:46:51.118, 50.81, 1, 0
2023/04/24 14:46:51.127, 50.62, 1, 0
2023/04/24 14:46:51.138, 50.62, 1, 0
2023/04/24 14:46:51.146, 50.62, 1, 0
2023/04/24 14:46:51.155, 50.62, 1, 0
2023/04/24 14:46:51.163, 50.62, 1, 0
2023/04/24 14:46:51.172, 50.62, 1, 0
2023/04/24 14:46:51.180, 50.62, 1, 0
2023/04/24 14:46:51.188, 50.62, 1, 0
2023/04/24 14:46:51.199, 50.62, 1, 0
2023/04/24 14:46:51.208, 50.62, 1, 0
2023/04/24 14:46:51.219, 50.62, 1, 0
2023/04/24 14:46:51.228, 51.00, 1, 0
2023/04/24 14:46:51.239, 51.00, 1, 0
2023/04/24 14:46:51.248, 51.00, 1, 0
2023/04/24 14:46:51.259, 51.00, 1, 0
2023/04/24 14:46:51.268, 51.00, 1, 0
2023/04/24 14:46:51.280, 51.00, 1, 0
2023/04/24 14:46:51.289, 51.00, 1, 0
2023/04/24 14:46:51.300, 51.00, 1, 0
2023/04/24 14:46:51.309, 51.00, 1, 0
2023/04/24 14:46:51.320, 51.00, 1, 0
2023/04/24 14:46:51.329, 51.68, 1, 0
2023/04/24 14:46:51.341, 51.68, 1, 0
2023/04/24 14:46:51.350, 51.68, 1, 0
2023/04/24 14:46:51.361, 51.68, 1, 0
2023/04/24 14:46:51.369, 51.68, 1, 0
2023/04/24 14:46:51.378, 51.68, 1, 0
2023/04/24 14:46:51.386, 51.68, 1, 0
2023/04/24 14:46:51.395, 51.68, 1, 0
2023/04/24 14:46:51.403, 51.68, 1, 0
2023/04/24 14:46:51.412, 51.68, 1, 0
2023/04/24 14:46:51.422, 51.68, 1, 0
2023/04/24 14:46:51.431, 50.91, 1, 0
2023/04/24 14:46:51.442, 50.91, 1, 0
2023/04/24 14:46:51.450, 50.91, 1, 0
2023/04/24 14:46:51.459, 50.91, 1, 0
2023/04/24 14:46:51.467, 50.91, 1, 0
2023/04/24 14:46:51.476, 50.91, 1, 0
2023/04/24 14:46:51.484, 50.91, 1, 0
2023/04/24 14:46:51.493, 50.91, 1, 0
2023/04/24 14:46:51.503, 50.91, 1, 0
2023/04/24 14:46:51.512, 50.91, 1, 0
2023/04/24 14:46:51.523, 50.91, 1, 0
2023/04/24 14:46:51.532, 51.00, 1, 0
2023/04/24 14:46:51.540, 51.00, 1, 0
2023/04/24 14:46:51.549, 51.00, 1, 0
2023/04/24 14:46:51.557, 51.00, 1, 0
2023/04/24 14:46:51.566, 51.00, 1, 0
2023/04/24 14:46:51.574, 51.00, 1, 0
2023/04/24 14:46:51.584, 51.00, 1, 0
2023/04/24 14:46:51.593, 51.00, 1, 0
2023/04/24 14:46:51.601, 51.00, 1, 0
2023/04/24 14:46:51.609, 51.00, 1, 0
2023/04/24 14:46:51.618, 51.00, 1, 0
2023/04/24 14:46:51.626, 50.81, 1, 0
2023/04/24 14:46:51.636, 50.81, 1, 0
2023/04/24 14:46:51.645, 50.81, 1, 0
2023/04/24 14:46:51.654, 50.81, 1, 0
2023/04/24 14:46:51.665, 50.81, 1, 0
2023/04/24 14:46:51.673, 50.81, 1, 0
2023/04/24 14:46:51.682, 50.81, 1, 0
2023/04/24 14:46:51.690, 50.81, 1, 0
2023/04/24 14:46:51.699, 50.81, 1, 0
2023/04/24 14:46:51.708, 50.81, 1, 0
2023/04/24 14:46:51.716, 50.81, 1, 0
2023/04/24 14:46:51.727, 50.81, 1, 0
2023/04/24 14:46:51.737, 50.81, 1, 0
2023/04/24 14:46:51.747, 50.81, 1, 0
2023/04/24 14:46:51.756, 50.81, 1, 0
2023/04/24 14:46:51.766, 50.81, 1, 0
2023/04/24 14:46:51.775, 50.81, 1, 0
2023/04/24 14:46:51.787, 50.81, 1, 0
2023/04/24 14:46:51.796, 50.81, 1, 0
2023/04/24 14:46:51.807, 50.81, 1, 0
2023/04/24 14:46:51.816, 50.81, 1, 0
2023/04/24 14:46:51.828, 50.81, 1, 0
2023/04/24 14:46:51.839, 50.81, 1, 0
2023/04/24 14:46:51.848, 50.81, 1, 0
2023/04/24 14:46:51.857, 50.81, 1, 0
2023/04/24 14:46:51.868, 50.81, 1, 0
2023/04/24 14:46:51.877, 50.81, 1, 0
2023/04/24 14:46:51.888, 50.81, 1, 0
2023/04/24 14:46:51.897, 50.81, 1, 0
2023/04/24 14:46:51.909, 50.81, 2, 0
2023/04/24 14:46:51.918, 50.81, 2, 0
2023/04/24 14:46:51.930, 50.81, 2, 0
2023/04/24 14:46:51.940, 50.81, 2, 0
2023/04/24 14:46:51.950, 50.81, 2, 0
2023/04/24 14:46:51.959, 50.81, 2, 0
2023/04/24 14:46:51.970, 50.81, 2, 0
2023/04/24 14:46:51.979, 50.81, 2, 0
2023/04/24 14:46:51.990, 50.81, 2, 0
2023/04/24 14:46:51.999, 50.81, 2, 0
2023/04/24 14:46:52.010, 50.81, 2, 0
2023/04/24 14:46:52.019, 50.81, 2, 0
2023/04/24 14:46:52.031, 50.71, 2, 0
2023/04/24 14:46:52.041, 50.71, 2, 0
2023/04/24 14:46:52.051, 50.71, 2, 0
2023/04/24 14:46:52.060, 50.71, 2, 0
2023/04/24 14:46:52.071, 50.71, 2, 0
2023/04/24 14:46:52.080, 50.71, 2, 0
2023/04/24 14:46:52.091, 50.71, 2, 0
2023/04/24 14:46:52.100, 50.71, 2, 0
2023/04/24 14:46:52.111, 50.71, 2, 0
2023/04/24 14:46:52.120, 50.71, 2, 0
2023/04/24 14:46:52.128, 50.71, 2, 0
2023/04/24 14:46:52.137, 50.41, 2, 0
2023/04/24 14:46:52.145, 50.41, 2, 0
2023/04/24 14:46:52.154, 50.41, 2, 0
2023/04/24 14:46:52.163, 50.41, 2, 0
2023/04/24 14:46:52.173, 50.41, 2, 0
2023/04/24 14:46:52.181, 50.41, 2, 0
2023/04/24 14:46:52.193, 50.41, 2, 0
2023/04/24 14:46:52.201, 50.41, 2, 0
2023/04/24 14:46:52.209, 50.41, 2, 0
2023/04/24 14:46:52.218, 50.41, 2, 0
2023/04/24 14:46:52.226, 50.41, 2, 0
2023/04/24 14:46:52.236, 50.62, 2, 0
2023/04/24 14:46:52.245, 50.62, 2, 0
2023/04/24 14:46:52.254, 50.62, 2, 0
2023/04/24 14:46:52.263, 50.62, 2, 0
2023/04/24 14:46:52.274, 50.62, 2, 0
2023/04/24 14:46:52.282, 50.62, 2, 0
2023/04/24 14:46:52.291, 50.62, 2, 0
2023/04/24 14:46:52.299, 50.62, 2, 0
2023/04/24 14:46:52.308, 50.62, 2, 0
2023/04/24 14:46:52.317, 50.62, 1, 0
2023/04/24 14:46:52.325, 50.62, 1, 0
2023/04/24 14:46:52.335, 50.62, 1, 0
2023/04/24 14:46:52.344, 51.00, 1, 0
2023/04/24 14:46:52.355, 51.00, 1, 0
2023/04/24 14:46:52.364, 51.00, 1, 0
2023/04/24 14:46:52.372, 51.00, 1, 0
2023/04/24 14:46:52.380, 51.00, 1, 0
2023/04/24 14:46:52.389, 51.00, 1, 0
2023/04/24 14:46:52.397, 51.00, 1, 0
2023/04/24 14:46:52.406, 51.00, 1, 0
2023/04/24 14:46:52.417, 51.00, 1, 0
2023/04/24 14:46:52.425, 51.00, 1, 0
2023/04/24 14:46:52.436, 51.00, 1, 0
2023/04/24 14:46:52.445, 50.91, 1, 0
2023/04/24 14:46:52.453, 50.91, 1, 0
2023/04/24 14:46:52.462, 50.91, 1, 0
2023/04/24 14:46:52.470, 50.91, 1, 0
2023/04/24 14:46:52.478, 50.91, 1, 0
2023/04/24 14:46:52.487, 50.91, 1, 0
2023/04/24 14:46:52.498, 50.91, 1, 0
2023/04/24 14:46:52.508, 50.91, 1, 0
2023/04/24 14:46:52.518, 50.91, 2, 0
2023/04/24 14:46:52.526, 50.91, 2, 0
2023/04/24 14:46:52.538, 50.91, 2, 0
2023/04/24 14:46:52.546, 51.00, 2, 0
2023/04/24 14:46:52.555, 51.00, 2, 0
2023/04/24 14:46:52.563, 51.00, 2, 0
2023/04/24 14:46:52.571, 51.00, 2, 0
2023/04/24 14:46:52.580, 51.00, 2, 0
2023/04/24 14:46:52.588, 51.00, 2, 0
2023/04/24 14:46:52.599, 51.00, 2, 0
2023/04/24 14:46:52.607, 51.00, 2, 0
2023/04/24 14:46:52.619, 51.00, 2, 0
2023/04/24 14:46:52.627, 51.00, 2, 0
2023/04/24 14:46:52.635, 51.00, 2, 0
2023/04/24 14:46:52.644, 50.71, 2, 0
2023/04/24 14:46:52.653, 50.71, 2, 0
2023/04/24 14:46:52.662, 50.71, 2, 0
2023/04/24 14:46:52.670, 50.71, 2, 0
2023/04/24 14:46:52.680, 50.71, 2, 0
2023/04/24 14:46:52.688, 50.71, 2, 0
2023/04/24 14:46:52.700, 50.71, 2, 0
2023/04/24 14:46:52.708, 50.71, 2, 0
2023/04/24 14:46:52.717, 50.71, 2, 0
2023/04/24 14:46:52.725, 50.71, 2, 0
2023/04/24 14:46:52.734, 50.71, 2, 0
2023/04/24 14:46:52.742, 50.71, 2, 0
2023/04/24 14:46:52.752, 50.71, 2, 0
2023/04/24 14:46:52.761, 50.71, 2, 0
2023/04/24 14:46:52.770, 50.71, 2, 0
2023/04/24 14:46:52.781, 50.71, 2, 0
2023/04/24 14:46:52.789, 50.71, 2, 0
2023/04/24 14:46:52.798, 50.71, 2, 0
2023/04/24 14:46:52.806, 50.71, 2, 0
2023/04/24 14:46:52.815, 50.71, 2, 0
2023/04/24 14:46:52.823, 50.71, 2, 0
2023/04/24 14:46:52.831, 50.71, 2, 0
2023/04/24 14:46:52.842, 50.71, 2, 0
2023/04/24 14:46:52.851, 50.91, 2, 0
2023/04/24 14:46:52.862, 50.91, 2, 0
2023/04/24 14:46:52.870, 50.91, 2, 0
2023/04/24 14:46:52.879, 50.91, 2, 0
2023/04/24 14:46:52.887, 50.91, 2, 0
2023/04/24 14:46:52.896, 50.91, 2, 0
2023/04/24 14:46:52.904, 50.91, 2, 0
2023/04/24 14:46:52.913, 50.91, 2, 0
2023/04/24 14:46:52.923, 50.91, 0, 0
2023/04/24 14:46:52.932, 50.91, 0, 0
2023/04/24 14:46:52.943, 50.91, 0, 0
2023/04/24 14:46:52.952, 50.91, 0, 0
2023/04/24 14:46:52.960, 50.91, 0, 0
2023/04/24 14:46:52.969, 50.91, 0, 0
2023/04/24 14:46:52.977, 50.91, 0, 0
2023/04/24 14:46:52.986, 50.91, 0, 0
2023/04/24 14:46:52.994, 50.91, 0, 0
2023/04/24 14:46:53.004, 50.91, 0, 0
2023/04/24 14:46:53.013, 50.91, 0, 0
2023/04/24 14:46:53.024, 50.91, 0, 0
2023/04/24 14:46:53.033, 50.91, 0, 0
2023/04/24 14:46:53.041, 50.91, 0, 0
2023/04/24 14:46:53.050, 50.81, 0, 0
2023/04/24 14:46:53.058, 50.81, 0, 0
2023/04/24 14:46:53.067, 50.81, 0, 0
2023/04/24 14:46:53.075, 50.81, 0, 0
2023/04/24 14:46:53.085, 50.81, 0, 0
2023/04/24 14:46:53.094, 50.81, 0, 0
2023/04/24 14:46:53.102, 50.81, 0, 0
2023/04/24 14:46:53.111, 50.81, 0, 0
2023/04/24 14:46:53.119, 50.81, 0, 0
2023/04/24 14:46:53.130, 50.81, 0, 0
2023/04/24 14:46:53.139, 50.81, 0, 0
2023/04/24 14:46:53.148, 49.53, 0, 0
2023/04/24 14:46:53.158, 49.53, 0, 0
2023/04/24 14:46:53.168, 49.53, 0, 0
2023/04/24 14:46:53.176, 49.53, 0, 0
2023/04/24 14:46:53.187, 49.53, 0, 0
2023/04/24 14:46:53.196, 49.53, 0, 0
2023/04/24 14:46:53.207, 49.53, 0, 0
2023/04/24 14:46:53.216, 49.53, 0, 0
2023/04/24 14:46:53.227, 49.53, 0, 0
2023/04/24 14:46:53.236, 49.53, 0, 0
2023/04/24 14:46:53.248, 49.53, 0, 0
2023/04/24 14:46:53.256, 49.52, 0, 0
2023/04/24 14:46:53.265, 49.52, 0, 0
2023/04/24 14:46:53.274, 49.52, 0, 0
2023/04/24 14:46:53.282, 49.52, 0, 0
2023/04/24 14:46:53.291, 49.52, 0, 0
2023/04/24 14:46:53.300, 49.52, 0, 0
2023/04/24 14:46:53.309, 49.52, 0, 0
2023/04/24 14:46:53.318, 49.52, 0, 0
2023/04/24 14:46:53.329, 49.52, 0, 0
2023/04/24 14:46:53.338, 49.52, 0, 0
2023/04/24 14:46:53.349, 49.52, 0, 0
2023/04/24 14:46:53.358, 49.43, 0, 0
2023/04/24 14:46:53.369, 49.43, 0, 0
2023/04/24 14:46:53.378, 49.43, 0, 0
2023/04/24 14:46:53.390, 49.43, 0, 0
2023/04/24 14:46:53.398, 49.43, 0, 0
2023/04/24 14:46:53.410, 49.43, 0, 0
2023/04/24 14:46:53.418, 49.43, 0, 0
2023/04/24 14:46:53.430, 49.43, 0, 0
2023/04/24 14:46:53.439, 49.43, 0, 0
2023/04/24 14:46:53.450, 49.43, 0, 0
2023/04/24 14:46:53.459, 49.53, 0, 0
2023/04/24 14:46:53.471, 49.53, 0, 0
2023/04/24 14:46:53.479, 49.53, 0, 0
2023/04/24 14:46:53.491, 49.53, 0, 0
2023/04/24 14:46:53.499, 49.53, 0, 0
2023/04/24 14:46:53.511, 49.53, 0, 0
2023/04/24 14:46:53.520, 49.53, 0, 0
2023/04/24 14:46:53.531, 49.53, 0, 0
2023/04/24 14:46:53.540, 49.53, 0, 0
2023/04/24 14:46:53.552, 49.53, 0, 0
2023/04/24 14:46:53.561, 49.04, 0, 0
2023/04/24 14:46:53.572, 49.04, 0, 0
2023/04/24 14:46:53.581, 49.04, 0, 0
2023/04/24 14:46:53.592, 49.04, 0, 0
2023/04/24 14:46:53.601, 49.04, 0, 0
2023/04/24 14:46:53.613, 49.04, 0, 0
2023/04/24 14:46:53.621, 49.04, 0, 0
2023/04/24 14:46:53.633, 49.04, 0, 0
2023/04/24 14:46:53.642, 49.04, 0, 0
2023/04/24 14:46:53.653, 49.04, 0, 0
2023/04/24 14:46:53.662, 48.93, 0, 0
2023/04/24 14:46:53.673, 48.93, 0, 0
2023/04/24 14:46:53.682, 48.93, 0, 0
2023/04/24 14:46:53.694, 48.93, 0, 0
2023/04/24 14:46:53.702, 48.93, 0, 0
2023/04/24 14:46:53.714, 48.93, 0, 0
2023/04/24 14:46:53.723, 48.93, 0, 0
2023/04/24 14:46:53.734, 48.93, 0, 0
2023/04/24 14:46:53.743, 48.93, 0, 0
2023/04/24 14:46:53.751, 48.93, 0, 0
2023/04/24 14:46:53.760, 48.94, 0, 0
2023/04/24 14:46:53.769, 48.94, 0, 0
2023/04/24 14:46:53.778, 48.94, 0, 0
2023/04/24 14:46:53.786, 48.94, 0, 0
2023/04/24 14:46:53.796, 48.94, 0, 0
2023/04/24 14:46:53.805, 48.94, 0, 0
2023/04/24 14:46:53.816, 48.94, 0, 0
2023/04/24 14:46:53.824, 48.94, 0, 0
2023/04/24 14:46:53.836, 48.94, 0, 0
2023/04/24 14:46:53.844, 48.94, 0, 0
2023/04/24 14:46:53.856, 48.94, 0, 0
2023/04/24 14:46:53.865, 48.94, 0, 0
2023/04/24 14:46:53.877, 48.94, 0, 0
2023/04/24 14:46:53.886, 48.94, 0, 0
2023/04/24 14:46:53.897, 48.94, 0, 0
2023/04/24 14:46:53.905, 48.94, 0, 0
2023/04/24 14:46:53.917, 48.94, 0, 0
2023/04/24 14:46:53.926, 48.94, 0, 0
2023/04/24 14:46:53.937, 48.94, 0, 0
2023/04/24 14:46:53.946, 48.94, 0, 0
2023/04/24 14:46:53.957, 48.94, 0, 0
2023/04/24 14:46:53.966, 48.94, 0, 0
2023/04/24 14:46:53.979, 48.94, 0, 0
2023/04/24 14:46:53.988, 48.94, 0, 0
2023/04/24 14:46:53.999, 48.94, 0, 0
2023/04/24 14:46:54.007, 48.94, 0, 0
2023/04/24 14:46:54.018, 48.94, 0, 0
2023/04/24 14:46:54.027, 48.94, 0, 0
2023/04/24 14:46:54.039, 48.94, 0, 0
2023/04/24 14:46:54.047, 48.94, 0, 0
2023/04/24 14:46:54.059, 48.94, 0, 0
2023/04/24 14:46:54.068, 48.94, 0, 0
2023/04/24 14:46:54.080, 48.94, 0, 0
2023/04/24 14:46:54.089, 48.94, 0, 0
2023/04/24 14:46:54.100, 48.94, 0, 0
2023/04/24 14:46:54.109, 48.94, 0, 0
2023/04/24 14:46:54.120, 48.94, 0, 0
2023/04/24 14:46:54.128, 48.94, 0, 0
2023/04/24 14:46:54.140, 48.94, 0, 0
2023/04/24 14:46:54.149, 48.94, 0, 0
2023/04/24 14:46:54.160, 48.94, 0, 0
2023/04/24 14:46:54.169, 48.94, 0, 0
2023/04/24 14:46:54.182, 48.94, 0, 0
2023/04/24 14:46:54.191, 48.94, 0, 0
2023/04/24 14:46:54.202, 48.94, 0, 0
2023/04/24 14:46:54.210, 48.94, 0, 0
2023/04/24 14:46:54.221, 48.94, 0, 0
2023/04/24 14:46:54.230, 48.94, 0, 0
2023/04/24 14:46:54.242, 48.94, 0, 0
2023/04/24 14:46:54.250, 48.94, 0, 0
2023/04/24 14:46:54.262, 48.83, 0, 0
2023/04/24 14:46:54.272, 48.83, 0, 0
2023/04/24 14:46:54.283, 48.83, 0, 0
2023/04/24 14:46:54.292, 48.83, 0, 0
2023/04/24 14:46:54.303, 48.83, 0, 0
2023/04/24 14:46:54.312, 48.83, 0, 0
2023/04/24 14:46:54.323, 48.83, 0, 0
2023/04/24 14:46:54.331, 48.83, 0, 0
2023/04/24 14:46:54.343, 48.83, 0, 0
2023/04/24 14:46:54.351, 48.83, 0, 0
2023/04/24 14:46:54.363, 48.84, 0, 0
2023/04/24 14:46:54.373, 48.84, 0, 0
2023/04/24 14:46:54.384, 48.84, 0, 0
2023/04/24 14:46:54.393, 48.84, 0, 0
2023/04/24 14:46:54.404, 48.84, 0, 0
2023/04/24 14:46:54.412, 48.84, 0, 0
2023/04/24 14:46:54.424, 48.84, 0, 0
2023/04/24 14:46:54.433, 48.84, 0, 0
2023/04/24 14:46:54.444, 48.84, 0, 0
2023/04/24 14:46:54.453, 48.84, 0, 0
2023/04/24 14:46:54.464, 48.83, 0, 0
2023/04/24 14:46:54.475, 48.83, 0, 0
2023/04/24 14:46:54.485, 48.83, 0, 0
2023/04/24 14:46:54.494, 48.83, 0, 0
2023/04/24 14:46:54.505, 48.83, 0, 0
2023/04/24 14:46:54.514, 48.83, 0, 0
2023/04/24 14:46:54.525, 48.83, 0, 0
2023/04/24 14:46:54.534, 48.83, 0, 0
2023/04/24 14:46:54.545, 48.83, 0, 0
2023/04/24 14:46:54.554, 48.83, 0, 0
2023/04/24 14:46:54.566, 48.83, 0, 0
2023/04/24 14:46:54.576, 48.83, 0, 0
2023/04/24 14:46:54.587, 48.83, 0, 0
2023/04/24 14:46:54.596, 48.83, 0, 0
2023/04/24 14:46:54.607, 48.83, 0, 0
2023/04/24 14:46:54.615, 48.83, 0, 0
2023/04/24 14:46:54.626, 48.83, 0, 0
2023/04/24 14:46:54.635, 48.83, 0, 0
2023/04/24 14:46:54.647, 48.83, 0, 0
2023/04/24 14:46:54.655, 48.83, 0, 0
2023/04/24 14:46:54.667, 48.83, 0, 0
2023/04/24 14:46:54.677, 48.83, 0, 0
2023/04/24 14:46:54.688, 48.83, 0, 0
2023/04/24 14:46:54.697, 48.83, 0, 0
2023/04/24 14:46:54.708, 48.83, 0, 0
2023/04/24 14:46:54.717, 48.83, 0, 0
2023/04/24 14:46:54.728, 48.83, 0, 0
2023/04/24 14:46:54.737, 48.83, 0, 0
2023/04/24 14:46:54.749, 48.83, 0, 0
2023/04/24 14:46:54.758, 48.83, 0, 0
2023/04/24 14:46:54.769, 48.75, 0, 0
2023/04/24 14:46:54.779, 48.75, 0, 0
2023/04/24 14:46:54.789, 48.75, 0, 0
2023/04/24 14:46:54.798, 48.75, 0, 0
2023/04/24 14:46:54.809, 48.75, 0, 0
2023/04/24 14:46:54.819, 48.75, 0, 0
2023/04/24 14:46:54.829, 48.75, 0, 0
2023/04/24 14:46:54.839, 48.75, 0, 0
2023/04/24 14:46:54.850, 48.75, 0, 0
2023/04/24 14:46:54.859, 48.75, 0, 0
2023/04/24 14:46:54.870, 48.75, 0, 0
2023/04/24 14:46:54.880, 48.75, 0, 0
2023/04/24 14:46:54.891, 48.75, 0, 0
2023/04/24 14:46:54.900, 48.75, 0, 0
2023/04/24 14:46:54.911, 48.75, 0, 0
2023/04/24 14:46:54.919, 48.75, 0, 0
2023/04/24 14:46:54.930, 48.75, 0, 0
2023/04/24 14:46:54.939, 48.75, 0, 0
2023/04/24 14:46:54.951, 48.75, 0, 0
2023/04/24 14:46:54.960, 48.75, 0, 0
2023/04/24 14:46:54.971, 48.55, 0, 0
2023/04/24 14:46:54.981, 48.55, 0, 0
2023/04/24 14:46:54.993, 48.55, 0, 0
2023/04/24 14:46:55.002, 48.55, 0, 0
2023/04/24 14:46:55.012, 48.55, 0, 0
2023/04/24 14:46:55.021, 48.55, 0, 0
2023/04/24 14:46:55.032, 48.55, 0, 0
2023/04/24 14:46:55.041, 48.55, 0, 0
2023/04/24 14:46:55.052, 48.55, 0, 0
2023/04/24 14:46:55.061, 48.55, 0, 0
2023/04/24 14:46:55.073, 48.83, 0, 0
2023/04/24 14:46:55.083, 48.83, 0, 0
2023/04/24 14:46:55.094, 48.83, 0, 0
2023/04/24 14:46:55.103, 48.83, 0, 0
2023/04/24 14:46:55.114, 48.83, 0, 0
2023/04/24 14:46:55.124, 48.83, 0, 0
2023/04/24 14:46:55.134, 48.83, 0, 0
2023/04/24 14:46:55.144, 48.83, 0, 0
2023/04/24 14:46:55.155, 48.83, 28, 0
2023/04/24 14:46:55.165, 48.83, 28, 0
2023/04/24 14:46:55.175, 49.03, 28, 0
2023/04/24 14:46:55.184, 49.03, 28, 0
2023/04/24 14:46:55.195, 49.03, 28, 0
2023/04/24 14:46:55.205, 49.03, 28, 0
2023/04/24 14:46:55.215, 49.03, 28, 0
2023/04/24 14:46:55.225, 49.03, 28, 0
2023/04/24 14:46:55.236, 49.03, 28, 0
2023/04/24 14:46:55.245, 49.03, 28, 0
2023/04/24 14:46:55.256, 49.03, 28, 0
2023/04/24 14:46:55.265, 49.03, 28, 0
2023/04/24 14:46:55.276, 48.75, 28, 0
2023/04/24 14:46:55.286, 48.75, 28, 0
2023/04/24 14:46:55.297, 48.75, 28, 0
2023/04/24 14:46:55.306, 48.75, 28, 0
2023/04/24 14:46:55.317, 48.75, 28, 0
2023/04/24 14:46:55.325, 48.75, 28, 0
2023/04/24 14:46:55.336, 48.75, 28, 0
2023/04/24 14:46:55.345, 48.75, 28, 0
2023/04/24 14:46:55.357, 48.75, 2, 0
2023/04/24 14:46:55.366, 48.75, 2, 0
2023/04/24 14:46:55.377, 48.83, 2, 0
2023/04/24 14:46:55.387, 48.83, 2, 0
2023/04/24 14:46:55.398, 48.83, 2, 0
2023/04/24 14:46:55.407, 48.83, 2, 0
2023/04/24 14:46:55.418, 48.83, 2, 0
2023/04/24 14:46:55.426, 48.83, 2, 0
2023/04/24 14:46:55.438, 48.83, 2, 0
2023/04/24 14:46:55.448, 48.83, 2, 0
2023/04/24 14:46:55.459, 48.83, 2, 0
2023/04/24 14:46:55.469, 48.83, 2, 0
2023/04/24 14:46:55.479, 48.84, 2, 0
2023/04/24 14:46:55.489, 48.84, 2, 0
2023/04/24 14:46:55.499, 48.84, 2, 0
2023/04/24 14:46:55.510, 48.84, 2, 0
2023/04/24 14:46:55.520, 48.84, 2, 0
2023/04/24 14:46:55.528, 48.84, 2, 0
2023/04/24 14:46:55.539, 48.84, 2, 0
2023/04/24 14:46:55.548, 48.84, 2, 0
2023/04/24 14:46:55.559, 48.84, 0, 0
2023/04/24 14:46:55.568, 48.84, 0, 0
2023/04/24 14:46:55.580, 48.84, 0, 0
2023/04/24 14:46:55.590, 48.84, 0, 0
2023/04/24 14:46:55.601, 48.84, 0, 0
2023/04/24 14:46:55.609, 48.84, 0, 0
2023/04/24 14:46:55.620, 48.84, 0, 0
2023/04/24 14:46:55.629, 48.84, 0, 0
2023/04/24 14:46:55.640, 48.84, 0, 0
2023/04/24 14:46:55.649, 48.84, 0, 0
2023/04/24 14:46:55.661, 48.84, 0, 0
2023/04/24 14:46:55.669, 48.84, 0, 0
2023/04/24 14:46:55.681, 48.84, 0, 0
2023/04/24 14:46:55.691, 48.84, 0, 0
2023/04/24 14:46:55.702, 48.84, 0, 0
2023/04/24 14:46:55.711, 48.84, 0, 0
2023/04/24 14:46:55.722, 48.84, 0, 0
2023/04/24 14:46:55.730, 48.84, 0, 0
2023/04/24 14:46:55.742, 48.84, 0, 0
2023/04/24 14:46:55.750, 48.84, 0, 0
2023/04/24 14:46:55.762, 48.84, 0, 0
2023/04/24 14:46:55.771, 48.84, 0, 0
2023/04/24 14:46:55.782, 48.94, 0, 0
2023/04/24 14:46:55.792, 48.94, 0, 0
2023/04/24 14:46:55.803, 48.94, 0, 0
2023/04/24 14:46:55.812, 48.94, 0, 0
2023/04/24 14:46:55.824, 48.94, 0, 0
2023/04/24 14:46:55.832, 48.94, 0, 0
2023/04/24 14:46:55.844, 48.94, 0, 0
2023/04/24 14:46:55.852, 48.94, 0, 0
2023/04/24 14:46:55.863, 48.94, 0, 0
2023/04/24 14:46:55.872, 48.94, 0, 0
2023/04/24 14:46:55.883, 48.75, 0, 0
2023/04/24 14:46:55.893, 48.75, 0, 0
2023/04/24 14:46:55.904, 48.75, 0, 0
2023/04/24 14:46:55.913, 48.75, 0, 0
2023/04/24 14:46:55.925, 48.75, 0, 0
2023/04/24 14:46:55.934, 48.75, 0, 0
2023/04/24 14:46:55.945, 48.75, 0, 0
2023/04/24 14:46:55.954, 48.75, 0, 0
2023/04/24 14:46:55.966, 48.75, 0, 0
2023/04/24 14:46:55.974, 48.75, 0, 0
2023/04/24 14:46:55.986, 48.74, 0, 0
2023/04/24 14:46:55.995, 48.74, 0, 0
2023/04/24 14:46:56.006, 48.74, 0, 0
2023/04/24 14:46:56.015, 48.74, 0, 0
2023/04/24 14:46:56.026, 48.74, 0, 0
2023/04/24 14:46:56.035, 48.74, 0, 0
2023/04/24 14:46:56.046, 48.74, 0, 0
2023/04/24 14:46:56.055, 48.74, 0, 0
2023/04/24 14:46:56.066, 48.74, 0, 0
2023/04/24 14:46:56.075, 48.74, 0, 0
2023/04/24 14:46:56.086, 48.83, 0, 0
2023/04/24 14:46:56.096, 48.83, 0, 0
2023/04/24 14:46:56.107, 48.83, 0, 0
2023/04/24 14:46:56.116, 48.83, 0, 0
2023/04/24 14:46:56.128, 48.83, 0, 0
2023/04/24 14:46:56.137, 48.83, 0, 0
2023/04/24 14:46:56.147, 48.83, 0, 0
2023/04/24 14:46:56.156, 48.83, 0, 0
2023/04/24 14:46:56.168, 48.83, 0, 0
2023/04/24 14:46:56.177, 48.83, 0, 0
2023/04/24 14:46:56.188, 48.75, 0, 0
2023/04/24 14:46:56.197, 48.75, 0, 0
2023/04/24 14:46:56.209, 48.75, 0, 0
2023/04/24 14:46:56.218, 48.75, 0, 0
2023/04/24 14:46:56.229, 48.75, 0, 0
2023/04/24 14:46:56.238, 48.75, 0, 0
2023/04/24 14:46:56.249, 48.75, 0, 0
2023/04/24 14:46:56.258, 48.75, 0, 0
2023/04/24 14:46:56.269, 48.75, 0, 0
2023/04/24 14:46:56.277, 48.75, 0, 0
2023/04/24 14:46:56.289, 48.84, 0, 0
2023/04/24 14:46:56.299, 48.84, 0, 0
2023/04/24 14:46:56.310, 48.84, 0, 0
2023/04/24 14:46:56.319, 48.84, 0, 0
2023/04/24 14:46:56.330, 48.84, 0, 0
2023/04/24 14:46:56.339, 48.84, 0, 0
2023/04/24 14:46:56.350, 48.84, 0, 0
2023/04/24 14:46:56.359, 48.84, 0, 0
2023/04/24 14:46:56.371, 48.84, 0, 0
2023/04/24 14:46:56.379, 48.84, 0, 0
2023/04/24 14:46:56.390, 48.84, 0, 0
2023/04/24 14:46:56.400, 48.84, 0, 0
2023/04/24 14:46:56.412, 48.84, 0, 0
2023/04/24 14:46:56.420, 48.84, 0, 0
2023/04/24 14:46:56.431, 48.84, 0, 0
2023/04/24 14:46:56.440, 48.84, 0, 0
2023/04/24 14:46:56.451, 48.84, 0, 0
2023/04/24 14:46:56.460, 48.84, 0, 0
2023/04/24 14:46:56.471, 48.84, 0, 0
2023/04/24 14:46:56.480, 48.84, 0, 0
2023/04/24 14:46:56.492, 48.75, 0, 0
2023/04/24 14:46:56.501, 48.75, 0, 0
2023/04/24 14:46:56.513, 48.75, 0, 0
2023/04/24 14:46:56.522, 48.75, 0, 0
2023/04/24 14:46:56.532, 48.75, 0, 0
2023/04/24 14:46:56.541, 48.75, 0, 0
2023/04/24 14:46:56.553, 48.75, 0, 0
2023/04/24 14:46:56.561, 48.75, 0, 0
2023/04/24 14:46:56.574, 48.75, 0, 0
2023/04/24 14:46:56.583, 48.75, 0, 0
2023/04/24 14:46:56.594, 49.43, 0, 0
2023/04/24 14:46:56.603, 49.43, 0, 0
2023/04/24 14:46:56.614, 49.43, 0, 0
2023/04/24 14:46:56.623, 49.43, 0, 0
2023/04/24 14:46:56.634, 49.43, 0, 0
2023/04/24 14:46:56.644, 49.43, 0, 0
2023/04/24 14:46:56.654, 49.43, 0, 0
2023/04/24 14:46:56.664, 49.43, 0, 0
2023/04/24 14:46:56.675, 49.43, 0, 0
2023/04/24 14:46:56.684, 49.43, 0, 0
2023/04/24 14:46:56.695, 49.53, 0, 0
2023/04/24 14:46:56.705, 49.53, 0, 0
2023/04/24 14:46:56.716, 49.53, 0, 0
2023/04/24 14:46:56.725, 49.53, 0, 0
2023/04/24 14:46:56.735, 49.53, 0, 0
2023/04/24 14:46:56.745, 49.53, 0, 0
2023/04/24 14:46:56.756, 49.53, 0, 0
2023/04/24 14:46:56.765, 49.53, 0, 0
2023/04/24 14:46:56.778, 49.53, 0, 0
2023/04/24 14:46:56.787, 49.53, 0, 0
2023/04/24 14:46:56.796, 52.08, 0, 0
2023/04/24 14:46:56.806, 52.08, 0, 0
2023/04/24 14:46:56.818, 52.08, 0, 0
2023/04/24 14:46:56.827, 52.08, 0, 0
2023/04/24 14:46:56.837, 52.08, 0, 0
2023/04/24 14:46:56.846, 52.08, 0, 0
2023/04/24 14:46:56.857, 52.08, 0, 0
2023/04/24 14:46:56.866, 52.08, 0, 0
2023/04/24 14:46:56.877, 52.08, 0, 0
2023/04/24 14:46:56.886, 52.08, 0, 0
2023/04/24 14:46:56.897, 52.58, 0, 0
2023/04/24 14:46:56.907, 52.58, 0, 0
2023/04/24 14:46:56.919, 52.58, 0, 0
2023/04/24 14:46:56.927, 52.58, 0, 0
2023/04/24 14:46:56.935, 52.58, 0, 0
2023/04/24 14:46:56.944, 52.58, 0, 0
2023/04/24 14:46:56.952, 52.58, 0, 0
2023/04/24 14:46:56.960, 52.58, 0, 0
2023/04/24 14:46:56.969, 52.58, 0, 0
2023/04/24 14:46:56.982, 52.58, 0, 0
2023/04/24 14:46:56.990, 52.58, 0, 0
2023/04/24 14:46:57.000, 52.28, 0, 0
2023/04/24 14:46:57.009, 52.28, 0, 0
2023/04/24 14:46:57.020, 52.28, 0, 0
2023/04/24 14:46:57.029, 52.28, 0, 0
2023/04/24 14:46:57.040, 52.28, 0, 0
2023/04/24 14:46:57.049, 52.28, 0, 0
2023/04/24 14:46:57.060, 52.28, 0, 0
2023/04/24 14:46:57.069, 52.28, 0, 0
2023/04/24 14:46:57.077, 52.28, 0, 0
2023/04/24 14:46:57.085, 52.28, 0, 0
2023/04/24 14:46:57.094, 52.28, 0, 0
2023/04/24 14:46:57.102, 52.08, 0, 0
2023/04/24 14:46:57.111, 52.08, 0, 0
2023/04/24 14:46:57.123, 52.08, 0, 0
2023/04/24 14:46:57.131, 52.08, 0, 0
2023/04/24 14:46:57.142, 52.08, 0, 0
2023/04/24 14:46:57.151, 52.08, 0, 0
2023/04/24 14:46:57.162, 52.08, 0, 0
2023/04/24 14:46:57.170, 52.08, 0, 0
2023/04/24 14:46:57.179, 52.08, 0, 0
2023/04/24 14:46:57.187, 52.08, 0, 0
2023/04/24 14:46:57.196, 52.08, 0, 0
2023/04/24 14:46:57.205, 165.45, 0, 0
2023/04/24 14:46:57.214, 165.45, 0, 0
2023/04/24 14:46:57.225, 165.45, 0, 0
2023/04/24 14:46:57.234, 165.45, 0, 0
2023/04/24 14:46:57.245, 165.45, 0, 0
2023/04/24 14:46:57.254, 165.45, 0, 0
2023/04/24 14:46:57.266, 165.45, 0, 0
2023/04/24 14:46:57.274, 165.45, 0, 0
2023/04/24 14:46:57.286, 165.45, 0, 0
2023/04/24 14:46:57.294, 165.45, 0, 0
2023/04/24 14:46:57.306, 141.59, 0, 0
2023/04/24 14:46:57.315, 141.59, 0, 0
2023/04/24 14:46:57.327, 141.59, 0, 0
2023/04/24 14:46:57.335, 141.59, 0, 0
2023/04/24 14:46:57.347, 141.59, 0, 0
2023/04/24 14:46:57.356, 141.59, 0, 0
2023/04/24 14:46:57.367, 141.59, 0, 0
2023/04/24 14:46:57.376, 141.59, 0, 0
2023/04/24 14:46:57.392, 141.59, 63, 6
2023/04/24 14:46:57.400, 141.59, 63, 6
2023/04/24 14:46:57.411, 119.89, 63, 6
2023/04/24 14:46:57.420, 119.89, 63, 6
2023/04/24 14:46:57.432, 119.89, 63, 6
2023/04/24 14:46:57.440, 119.89, 63, 6
2023/04/24 14:46:57.452, 119.89, 63, 6
2023/04/24 14:46:57.461, 119.89, 63, 6
2023/04/24 14:46:57.473, 119.89, 63, 6
2023/04/24 14:46:57.481, 119.89, 63, 6
2023/04/24 14:46:57.493, 119.89, 63, 6
2023/04/24 14:46:57.501, 119.89, 63, 6
2023/04/24 14:46:57.515, 157.17, 63, 6
2023/04/24 14:46:57.523, 157.17, 63, 6
2023/04/24 14:46:57.536, 157.17, 63, 6
2023/04/24 14:46:57.545, 157.17, 63, 6
2023/04/24 14:46:57.557, 157.17, 63, 6
2023/04/24 14:46:57.565, 157.17, 63, 6
2023/04/24 14:46:57.576, 157.17, 63, 6
2023/04/24 14:46:57.585, 157.17, 63, 6
2023/04/24 14:46:57.624, 211.69, 49, 6
2023/04/24 14:46:57.646, 211.69, 49, 6
2023/04/24 14:46:57.668, 211.69, 49, 6
2023/04/24 14:46:57.693, 211.69, 49, 6
2023/04/24 14:46:57.707, 211.69, 49, 6
2023/04/24 14:46:57.715, 211.69, 49, 6
2023/04/24 14:46:57.725, 218.26, 49, 6
2023/04/24 14:46:57.733, 218.26, 49, 6
2023/04/24 14:46:57.746, 218.26, 49, 6
2023/04/24 14:46:57.754, 218.26, 49, 6
2023/04/24 14:46:57.764, 218.26, 49, 6
2023/04/24 14:46:57.773, 218.26, 49, 6
2023/04/24 14:46:57.784, 218.26, 49, 6
2023/04/24 14:46:57.793, 218.26, 49, 6
2023/04/24 14:46:57.808, 218.26, 50, 6
2023/04/24 14:46:57.816, 218.26, 50, 6
2023/04/24 14:46:57.826, 231.44, 50, 6
2023/04/24 14:46:57.834, 231.44, 50, 6
2023/04/24 14:46:57.847, 231.44, 50, 6
2023/04/24 14:46:57.856, 231.44, 50, 6
2023/04/24 14:46:57.867, 231.44, 50, 6
2023/04/24 14:46:57.876, 231.44, 50, 6
2023/04/24 14:46:57.887, 231.44, 50, 6
2023/04/24 14:46:57.896, 231.44, 50, 6
2023/04/24 14:46:57.908, 231.44, 50, 6
2023/04/24 14:46:57.917, 231.44, 50, 6
2023/04/24 14:46:57.928, 243.29, 50, 6
2023/04/24 14:46:57.937, 243.29, 50, 6
2023/04/24 14:46:57.951, 243.29, 50, 6
2023/04/24 14:46:57.960, 243.29, 50, 6
2023/04/24 14:46:57.970, 243.29, 50, 6
2023/04/24 14:46:57.979, 243.29, 50, 6
2023/04/24 14:46:57.991, 243.29, 50, 6
2023/04/24 14:46:58.000, 243.29, 49, 6
2023/04/24 14:46:58.012, 243.29, 49, 6
2023/04/24 14:46:58.021, 243.29, 49, 6
2023/04/24 14:46:58.032, 255.04, 49, 6
2023/04/24 14:46:58.041, 255.04, 49, 6
2023/04/24 14:46:58.053, 255.04, 49, 6
2023/04/24 14:46:58.062, 255.04, 49, 6
2023/04/24 14:46:58.073, 255.04, 49, 6
2023/04/24 14:46:58.082, 255.04, 49, 6
2023/04/24 14:46:58.094, 255.04, 49, 6
2023/04/24 14:46:58.102, 255.04, 49, 6
2023/04/24 14:46:58.114, 255.04, 49, 6
2023/04/24 14:46:58.122, 255.04, 49, 6
2023/04/24 14:46:58.135, 254.85, 49, 6
2023/04/24 14:46:58.143, 254.85, 49, 6
2023/04/24 14:46:58.158, 254.85, 49, 6
2023/04/24 14:46:58.167, 254.85, 49, 6
2023/04/24 14:46:58.177, 254.85, 49, 6
2023/04/24 14:46:58.185, 254.85, 49, 6
2023/04/24 14:46:58.197, 254.85, 49, 6
2023/04/24 14:46:58.205, 254.85, 49, 6
2023/04/24 14:46:58.218, 254.85, 50, 6
2023/04/24 14:46:58.227, 254.85, 50, 6
2023/04/24 14:46:58.238, 262.30, 50, 6
2023/04/24 14:46:58.247, 262.30, 50, 6
2023/04/24 14:46:58.260, 262.30, 50, 6
2023/04/24 14:46:58.269, 262.30, 50, 6
2023/04/24 14:46:58.280, 262.30, 50, 6
2023/04/24 14:46:58.289, 262.30, 50, 6
2023/04/24 14:46:58.300, 262.30, 50, 6
2023/04/24 14:46:58.309, 262.30, 50, 6
2023/04/24 14:46:58.320, 262.30, 50, 6
2023/04/24 14:46:58.330, 262.30, 50, 6
2023/04/24 14:46:58.341, 272.26, 50, 6
2023/04/24 14:46:58.351, 272.26, 50, 6
2023/04/24 14:46:58.365, 272.26, 50, 6
2023/04/24 14:46:58.374, 272.26, 50, 6
2023/04/24 14:46:58.384, 272.26, 50, 6
2023/04/24 14:46:58.392, 272.26, 50, 6
2023/04/24 14:46:58.403, 272.26, 50, 6
2023/04/24 14:46:58.412, 272.26, 50, 6
2023/04/24 14:46:58.424, 272.26, 50, 6
2023/04/24 14:46:58.433, 272.26, 50, 6
2023/04/24 14:46:58.444, 281.92, 50, 6
2023/04/24 14:46:58.452, 281.92, 50, 6
2023/04/24 14:46:58.466, 281.92, 50, 6
2023/04/24 14:46:58.474, 281.92, 50, 6
2023/04/24 14:46:58.486, 281.92, 50, 6
2023/04/24 14:46:58.495, 281.92, 50, 6
2023/04/24 14:46:58.506, 281.92, 50, 6
2023/04/24 14:46:58.514, 281.92, 50, 6
2023/04/24 14:46:58.526, 281.92, 50, 6
2023/04/24 14:46:58.535, 281.92, 50, 6
2023/04/24 14:46:58.544, 284.32, 50, 6
2023/04/24 14:46:58.553, 284.32, 50, 6
2023/04/24 14:46:58.570, 284.32, 50, 6
2023/04/24 14:46:58.579, 284.32, 50, 6
2023/04/24 14:46:58.590, 284.32, 50, 6
2023/04/24 14:46:58.599, 284.32, 50, 6
2023/04/24 14:46:58.609, 284.32, 50, 6
2023/04/24 14:46:58.618, 284.32, 49, 6
2023/04/24 14:46:58.630, 284.32, 49, 6
2023/04/24 14:46:58.640, 284.32, 49, 6
2023/04/24 14:46:58.651, 292.69, 49, 6
2023/04/24 14:46:58.660, 292.69, 49, 6
2023/04/24 14:46:58.673, 292.69, 49, 6
2023/04/24 14:46:58.682, 292.69, 49, 6
2023/04/24 14:46:58.693, 292.69, 49, 6
2023/04/24 14:46:58.702, 292.69, 49, 6
2023/04/24 14:46:58.712, 292.69, 49, 6
2023/04/24 14:46:58.722, 292.69, 49, 6
2023/04/24 14:46:58.732, 292.69, 49, 6
2023/04/24 14:46:58.742, 292.69, 49, 6
2023/04/24 14:46:58.752, 294.91, 49, 6
2023/04/24 14:46:58.761, 294.91, 49, 6
2023/04/24 14:46:58.773, 294.91, 49, 6
2023/04/24 14:46:58.783, 294.91, 49, 6
2023/04/24 14:46:58.794, 294.91, 49, 6
2023/04/24 14:46:58.802, 294.91, 49, 6
2023/04/24 14:46:58.813, 294.91, 49, 6
2023/04/24 14:46:58.822, 294.91, 49, 6
2023/04/24 14:46:58.835, 294.91, 51, 6
2023/04/24 14:46:58.843, 294.91, 51, 6
2023/04/24 14:46:58.855, 291.92, 51, 6
2023/04/24 14:46:58.864, 291.92, 51, 6
2023/04/24 14:46:58.876, 291.92, 51, 6
2023/04/24 14:46:58.885, 291.92, 51, 6
2023/04/24 14:46:58.897, 291.92, 51, 6
2023/04/24 14:46:58.905, 291.92, 51, 6
2023/04/24 14:46:58.917, 291.92, 51, 6
2023/04/24 14:46:58.925, 291.92, 51, 6
2023/04/24 14:46:58.937, 291.92, 51, 6
2023/04/24 14:46:58.945, 291.92, 51, 6
2023/04/24 14:46:58.957, 291.54, 51, 6
2023/04/24 14:46:58.966, 291.54, 51, 6
2023/04/24 14:46:58.981, 291.54, 51, 6
2023/04/24 14:46:58.990, 291.54, 51, 6
2023/04/24 14:46:59.000, 291.54, 51, 6
2023/04/24 14:46:59.008, 291.54, 51, 6
2023/04/24 14:46:59.020, 291.54, 51, 6
2023/04/24 14:46:59.028, 291.54, 51, 6
2023/04/24 14:46:59.042, 291.54, 51, 6
2023/04/24 14:46:59.051, 291.54, 51, 6
2023/04/24 14:46:59.061, 295.87, 51, 6
2023/04/24 14:46:59.070, 295.87, 51, 6
2023/04/24 14:46:59.082, 295.87, 51, 6
2023/04/24 14:46:59.090, 295.87, 51, 6
2023/04/24 14:46:59.103, 295.87, 51, 6
2023/04/24 14:46:59.111, 295.87, 51, 6
2023/04/24 14:46:59.122, 295.87, 51, 6
2023/04/24 14:46:59.131, 295.87, 51, 6
2023/04/24 14:46:59.143, 295.87, 51, 6
2023/04/24 14:46:59.151, 295.87, 51, 6
2023/04/24 14:46:59.164, 295.00, 51, 6
2023/04/24 14:46:59.173, 295.00, 51, 6
2023/04/24 14:46:59.186, 295.00, 51, 6
2023/04/24 14:46:59.194, 295.00, 51, 6
2023/04/24 14:46:59.206, 295.00, 51, 6
2023/04/24 14:46:59.215, 295.00, 51, 6
2023/04/24 14:46:59.226, 295.00, 51, 6
2023/04/24 14:46:59.235, 295.00, 51, 6
2023/04/24 14:46:59.248, 295.00, 51, 6
2023/04/24 14:46:59.257, 295.00, 51, 6
2023/04/24 14:46:59.269, 286.54, 51, 6
2023/04/24 14:46:59.277, 286.54, 51, 6
2023/04/24 14:46:59.289, 286.54, 51, 6
2023/04/24 14:46:59.297, 286.54, 51, 6
2023/04/24 14:46:59.310, 286.54, 51, 6
2023/04/24 14:46:59.318, 286.54, 51, 6
2023/04/24 14:46:59.329, 286.54, 51, 6
2023/04/24 14:46:59.338, 286.54, 51, 6
2023/04/24 14:46:59.350, 286.54, 51, 6
2023/04/24 14:46:59.359, 286.54, 51, 6
2023/04/24 14:46:59.371, 303.08, 51, 6
2023/04/24 14:46:59.380, 303.08, 51, 6
2023/04/24 14:46:59.392, 303.08, 51, 6
2023/04/24 14:46:59.401, 303.08, 51, 6
2023/04/24 14:46:59.413, 303.08, 51, 6
2023/04/24 14:46:59.421, 303.08, 51, 6
2023/04/24 14:46:59.433, 303.08, 51, 6
2023/04/24 14:46:59.442, 303.08, 52, 6
2023/04/24 14:46:59.455, 303.08, 52, 6
2023/04/24 14:46:59.463, 303.08, 52, 6
2023/04/24 14:46:59.475, 294.62, 52, 6
2023/04/24 14:46:59.484, 294.62, 52, 6
2023/04/24 14:46:59.496, 294.62, 52, 6
2023/04/24 14:46:59.504, 294.62, 52, 6
2023/04/24 14:46:59.517, 294.62, 52, 6
2023/04/24 14:46:59.525, 294.62, 52, 6
2023/04/24 14:46:59.536, 294.62, 52, 6
2023/04/24 14:46:59.545, 294.62, 52, 6
2023/04/24 14:46:59.557, 294.62, 52, 6
2023/04/24 14:46:59.565, 294.62, 52, 6
2023/04/24 14:46:59.577, 310.65, 52, 6
2023/04/24 14:46:59.586, 310.65, 52, 6
2023/04/24 14:46:59.599, 310.65, 52, 6
2023/04/24 14:46:59.607, 310.65, 52, 6
2023/04/24 14:46:59.619, 310.65, 52, 6
2023/04/24 14:46:59.627, 310.65, 52, 6
2023/04/24 14:46:59.639, 310.65, 52, 6
2023/04/24 14:46:59.648, 310.65, 51, 6
2023/04/24 14:46:59.661, 310.65, 51, 6
2023/04/24 14:46:59.670, 310.65, 51, 6
2023/04/24 14:46:59.681, 292.01, 51, 6
2023/04/24 14:46:59.690, 292.01, 51, 6
2023/04/24 14:46:59.703, 292.01, 51, 6
2023/04/24 14:46:59.712, 292.01, 51, 6
2023/04/24 14:46:59.722, 292.01, 51, 6
2023/04/24 14:46:59.730, 292.01, 51, 6
2023/04/24 14:46:59.742, 292.01, 51, 6
2023/04/24 14:46:59.751, 292.01, 51, 6
2023/04/24 14:46:59.761, 292.01, 51, 6
2023/04/24 14:46:59.769, 292.01, 51, 6
2023/04/24 14:46:59.783, 300.29, 51, 6
2023/04/24 14:46:59.791, 300.29, 51, 6
2023/04/24 14:46:59.808, 300.29, 51, 6
2023/04/24 14:46:59.816, 300.29, 51, 6
2023/04/24 14:46:59.826, 300.29, 51, 6
2023/04/24 14:46:59.834, 300.29, 51, 6
2023/04/24 14:46:59.846, 300.29, 51, 6
2023/04/24 14:46:59.854, 300.29, 51, 6
2023/04/24 14:46:59.865, 300.29, 51, 6
2023/04/24 14:46:59.874, 300.29, 51, 6
2023/04/24 14:46:59.886, 302.87, 51, 6
2023/04/24 14:46:59.895, 302.87, 51, 6
2023/04/24 14:46:59.911, 302.87, 51, 6
2023/04/24 14:46:59.920, 302.87, 51, 6
2023/04/24 14:46:59.929, 302.87, 51, 6
2023/04/24 14:46:59.937, 302.87, 51, 6
2023/04/24 14:46:59.948, 302.87, 51, 6
2023/04/24 14:46:59.957, 302.87, 51, 6
2023/04/24 14:46:59.968, 302.87, 51, 6
2023/04/24 14:46:59.977, 302.87, 51, 6
2023/04/24 14:46:59.989, 292.79, 51, 6
2023/04/24 14:46:59.998, 292.79, 51, 6
2023/04/24 14:47:00.014, 292.79, 51, 6
2023/04/24 14:47:00.023, 292.79, 51, 6
2023/04/24 14:47:00.032, 292.79, 51, 6
2023/04/24 14:47:00.040, 292.79, 51, 6
2023/04/24 14:47:00.052, 292.79, 51, 6
2023/04/24 14:47:00.060, 292.79, 51, 6
2023/04/24 14:47:00.073, 292.79, 51, 6
2023/04/24 14:47:00.082, 292.79, 51, 6
2023/04/24 14:47:00.094, 253.54, 51, 6
2023/04/24 14:47:00.102, 253.54, 51, 6
2023/04/24 14:47:00.116, 253.54, 51, 6
2023/04/24 14:47:00.125, 253.54, 51, 6
2023/04/24 14:47:00.135, 253.54, 51, 6
2023/04/24 14:47:00.144, 253.54, 51, 6
2023/04/24 14:47:00.156, 253.54, 51, 6
2023/04/24 14:47:00.165, 253.54, 51, 6
2023/04/24 14:47:00.176, 253.54, 51, 6
2023/04/24 14:47:00.185, 253.54, 51, 6
2023/04/24 14:47:00.196, 233.14, 51, 6
2023/04/24 14:47:00.205, 233.14, 51, 6
2023/04/24 14:47:00.220, 233.14, 51, 6
2023/04/24 14:47:00.228, 233.14, 51, 6
2023/04/24 14:47:00.238, 233.14, 51, 6
2023/04/24 14:47:00.247, 233.14, 51, 6
2023/04/24 14:47:00.258, 233.14, 51, 6
2023/04/24 14:47:00.267, 233.14, 51, 6
2023/04/24 14:47:00.282, 233.14, 51, 6
2023/04/24 14:47:00.291, 233.14, 51, 6
2023/04/24 14:47:00.301, 203.22, 51, 6
2023/04/24 14:47:00.310, 203.22, 51, 6
2023/04/24 14:47:00.322, 203.22, 51, 6
2023/04/24 14:47:00.331, 203.22, 51, 6
2023/04/24 14:47:00.340, 203.22, 51, 6
2023/04/24 14:47:00.349, 203.22, 51, 6
2023/04/24 14:47:00.361, 203.22, 51, 6
2023/04/24 14:47:00.370, 203.22, 51, 6
2023/04/24 14:47:00.382, 203.22, 51, 6
2023/04/24 14:47:00.391, 203.22, 51, 6
2023/04/24 14:47:00.402, 196.80, 51, 6
2023/04/24 14:47:00.411, 196.80, 51, 6
2023/04/24 14:47:00.426, 196.80, 51, 6
2023/04/24 14:47:00.435, 196.80, 51, 6
2023/04/24 14:47:00.444, 196.80, 51, 6
2023/04/24 14:47:00.453, 196.80, 51, 6
2023/04/24 14:47:00.464, 196.80, 51, 6
2023/04/24 14:47:00.473, 196.80, 51, 6
2023/04/24 14:47:00.486, 196.80, 51, 6
2023/04/24 14:47:00.495, 196.80, 51, 6
2023/04/24 14:47:00.505, 181.87, 51, 6
2023/04/24 14:47:00.514, 181.87, 51, 6
2023/04/24 14:47:00.529, 181.87, 51, 6
2023/04/24 14:47:00.538, 181.87, 51, 6
2023/04/24 14:47:00.547, 181.87, 51, 6
2023/04/24 14:47:00.556, 181.87, 51, 6
2023/04/24 14:47:00.567, 181.87, 51, 6
2023/04/24 14:47:00.576, 181.87, 51, 6
2023/04/24 14:47:00.588, 181.87, 51, 6
2023/04/24 14:47:00.597, 181.87, 51, 6
2023/04/24 14:47:00.609, 168.94, 51, 6
2023/04/24 14:47:00.617, 168.94, 51, 6
2023/04/24 14:47:00.633, 168.94, 51, 6
2023/04/24 14:47:00.641, 168.94, 51, 6
2023/04/24 14:47:00.651, 168.94, 51, 6
2023/04/24 14:47:00.660, 168.94, 51, 6
2023/04/24 14:47:00.670, 168.94, 51, 6
2023/04/24 14:47:00.682, 168.94, 51, 6
2023/04/24 14:47:00.695, 168.94, 51, 6
2023/04/24 14:47:00.708, 153.35, 51, 6
2023/04/24 14:47:00.716, 153.35, 51, 6
2023/04/24 14:47:00.725, 153.35, 51, 6
2023/04/24 14:47:00.742, 153.35, 51, 6
2023/04/24 14:47:00.753, 153.35, 51, 6
2023/04/24 14:47:00.761, 153.35, 51, 6
2023/04/24 14:47:00.773, 153.35, 51, 6
2023/04/24 14:47:00.782, 153.35, 51, 6
2023/04/24 14:47:00.794, 153.35, 51, 6
2023/04/24 14:47:00.803, 153.35, 51, 6
2023/04/24 14:47:00.815, 144.41, 51, 6
2023/04/24 14:47:00.823, 144.41, 51, 6
2023/04/24 14:47:00.842, 144.41, 51, 6
2023/04/24 14:47:00.856, 144.41, 51, 6
2023/04/24 14:47:00.865, 144.41, 51, 6
2023/04/24 14:47:00.875, 144.41, 51, 6
2023/04/24 14:47:00.884, 144.41, 51, 6
2023/04/24 14:47:00.899, 144.41, 52, 6
2023/04/24 14:47:00.908, 144.41, 52, 6
2023/04/24 14:47:00.918, 135.26, 52, 6
2023/04/24 14:47:00.927, 135.26, 52, 6
2023/04/24 14:47:00.940, 135.26, 52, 6
2023/04/24 14:47:00.949, 135.26, 52, 6
2023/04/24 14:47:00.960, 135.26, 52, 6
2023/04/24 14:47:00.969, 135.26, 52, 6
2023/04/24 14:47:00.999, 135.26, 52, 6
2023/04/24 14:47:01.009, 135.26, 52, 6
2023/04/24 14:47:01.021, 125.55, 52, 6
2023/04/24 14:47:01.029, 125.55, 52, 6
2023/04/24 14:47:01.044, 125.55, 52, 6
2023/04/24 14:47:01.053, 125.55, 52, 6
2023/04/24 14:47:01.063, 125.55, 52, 6
2023/04/24 14:47:01.072, 125.55, 52, 6
2023/04/24 14:47:01.083, 125.55, 52, 6
2023/04/24 14:47:01.092, 125.55, 51, 6
2023/04/24 14:47:01.105, 125.55, 51, 6
2023/04/24 14:47:01.114, 125.55, 51, 6
2023/04/24 14:47:01.124, 120.86, 51, 6
2023/04/24 14:47:01.133, 120.86, 51, 6
2023/04/24 14:47:01.147, 120.86, 51, 6
2023/04/24 14:47:01.156, 120.86, 51, 6
2023/04/24 14:47:01.166, 120.86, 51, 6
2023/04/24 14:47:01.175, 120.86, 51, 6
2023/04/24 14:47:01.186, 120.86, 51, 6
2023/04/24 14:47:01.195, 120.86, 51, 6
2023/04/24 14:47:01.207, 120.86, 51, 6
2023/04/24 14:47:01.216, 120.86, 51, 6
2023/04/24 14:47:01.227, 112.28, 51, 6
2023/04/24 14:47:01.236, 112.28, 51, 6
2023/04/24 14:47:01.250, 112.28, 51, 6
2023/04/24 14:47:01.259, 112.28, 51, 6
2023/04/24 14:47:01.269, 112.28, 51, 6
2023/04/24 14:47:01.278, 112.28, 51, 6
2023/04/24 14:47:01.289, 112.28, 51, 6
2023/04/24 14:47:01.298, 112.28, 51, 6
2023/04/24 14:47:01.311, 112.28, 51, 6
2023/04/24 14:47:01.320, 112.28, 51, 6
2023/04/24 14:47:01.330, 107.59, 51, 6
2023/04/24 14:47:01.339, 107.59, 51, 6
2023/04/24 14:47:01.353, 107.59, 51, 6
2023/04/24 14:47:01.362, 107.59, 51, 6
2023/04/24 14:47:01.372, 107.59, 51, 6
2023/04/24 14:47:01.382, 107.59, 51, 6
2023/04/24 14:47:01.392, 107.59, 51, 6
2023/04/24 14:47:01.402, 107.59, 51, 6
2023/04/24 14:47:01.413, 107.59, 51, 6
2023/04/24 14:47:01.422, 107.59, 51, 6
2023/04/24 14:47:01.433, 103.03, 51, 6
2023/04/24 14:47:01.442, 103.03, 51, 6
2023/04/24 14:47:01.457, 103.03, 51, 6
2023/04/24 14:47:01.466, 103.03, 51, 6
2023/04/24 14:47:01.477, 103.03, 51, 6
2023/04/24 14:47:01.486, 103.03, 51, 6
2023/04/24 14:47:01.497, 103.03, 51, 6
2023/04/24 14:47:01.507, 103.03, 51, 6
2023/04/24 14:47:01.518, 103.03, 51, 6
2023/04/24 14:47:01.527, 103.03, 51, 6
2023/04/24 14:47:01.537, 99.05, 51, 6
2023/04/24 14:47:01.546, 99.05, 51, 6
2023/04/24 14:47:01.559, 99.05, 51, 6
2023/04/24 14:47:01.568, 99.05, 51, 6
2023/04/24 14:47:01.579, 99.05, 51, 6
2023/04/24 14:47:01.588, 99.05, 51, 6
2023/04/24 14:47:01.599, 99.05, 51, 6
2023/04/24 14:47:01.609, 99.05, 51, 6
2023/04/24 14:47:01.619, 99.05, 51, 6
2023/04/24 14:47:01.628, 99.05, 51, 6
2023/04/24 14:47:01.638, 99.23, 51, 6
2023/04/24 14:47:01.647, 99.23, 51, 6
2023/04/24 14:47:01.662, 99.23, 51, 6
2023/04/24 14:47:01.672, 99.23, 51, 6
2023/04/24 14:47:01.682, 99.23, 51, 6
2023/04/24 14:47:01.691, 99.23, 51, 6
2023/04/24 14:47:01.701, 99.23, 51, 6
2023/04/24 14:47:01.710, 99.23, 51, 6
2023/04/24 14:47:01.721, 99.23, 51, 6
2023/04/24 14:47:01.730, 99.23, 51, 6
2023/04/24 14:47:01.742, 95.45, 51, 6
2023/04/24 14:47:01.750, 95.45, 51, 6
2023/04/24 14:47:01.765, 95.45, 51, 6
2023/04/24 14:47:01.775, 95.45, 51, 6
2023/04/24 14:47:01.785, 95.45, 51, 6
2023/04/24 14:47:01.793, 95.45, 51, 6
2023/04/24 14:47:01.803, 95.45, 51, 6
2023/04/24 14:47:01.812, 95.45, 51, 6
2023/04/24 14:47:01.824, 95.45, 51, 6
2023/04/24 14:47:01.833, 95.45, 51, 6
2023/04/24 14:47:01.844, 90.17, 51, 6
2023/04/24 14:47:01.852, 90.17, 51, 6
2023/04/24 14:47:01.868, 90.17, 51, 6
2023/04/24 14:47:01.877, 90.17, 51, 6
2023/04/24 14:47:01.887, 90.17, 51, 6
2023/04/24 14:47:01.897, 90.17, 51, 6
2023/04/24 14:47:01.907, 90.17, 51, 6
2023/04/24 14:47:01.918, 90.17, 51, 6
2023/04/24 14:47:01.928, 90.17, 51, 6
2023/04/24 14:47:01.937, 90.17, 51, 6
2023/04/24 14:47:01.947, 90.38, 51, 6
2023/04/24 14:47:01.956, 90.38, 51, 6
2023/04/24 14:47:01.971, 90.38, 51, 6
2023/04/24 14:47:01.980, 90.38, 51, 6
2023/04/24 14:47:01.990, 90.38, 51, 6
2023/04/24 14:47:01.999, 90.38, 51, 6
2023/04/24 14:47:02.009, 90.38, 51, 6
2023/04/24 14:47:02.018, 90.38, 51, 6
2023/04/24 14:47:02.029, 90.38, 51, 6
2023/04/24 14:47:02.037, 90.38, 51, 6
2023/04/24 14:47:02.049, 85.89, 51, 6
2023/04/24 14:47:02.058, 85.89, 51, 6
2023/04/24 14:47:02.074, 85.89, 51, 6
2023/04/24 14:47:02.089, 85.89, 51, 6
2023/04/24 14:47:02.099, 85.89, 51, 6
2023/04/24 14:47:02.111, 85.89, 51, 6
2023/04/24 14:47:02.120, 85.89, 51, 6
2023/04/24 14:47:02.132, 85.89, 51, 6
2023/04/24 14:47:02.141, 85.89, 51, 6
2023/04/24 14:47:02.153, 87.06, 51, 6
2023/04/24 14:47:02.162, 87.06, 51, 6
2023/04/24 14:47:02.177, 87.06, 51, 6
2023/04/24 14:47:02.186, 87.06, 51, 6
2023/04/24 14:47:02.196, 87.06, 51, 6
2023/04/24 14:47:02.205, 87.06, 51, 6
2023/04/24 14:47:02.215, 87.06, 51, 6
2023/04/24 14:47:02.224, 87.06, 51, 6
2023/04/24 14:47:02.234, 85.61, 51, 6
2023/04/24 14:47:02.261, 85.61, 51, 6
2023/04/24 14:47:02.282, 85.61, 51, 6
2023/04/24 14:47:02.296, 85.61, 51, 6
2023/04/24 14:47:02.305, 85.61, 51, 6
2023/04/24 14:47:02.317, 85.61, 51, 6
2023/04/24 14:47:02.327, 85.61, 50, 6
2023/04/24 14:47:02.336, 85.61, 50, 6
2023/04/24 14:47:02.345, 85.61, 50, 6
2023/04/24 14:47:02.357, 84.83, 50, 6
2023/04/24 14:47:02.367, 84.83, 50, 6
2023/04/24 14:47:02.383, 84.83, 50, 6
2023/04/24 14:47:02.398, 84.83, 50, 6
2023/04/24 14:47:02.407, 84.83, 50, 6
2023/04/24 14:47:02.420, 84.83, 50, 6
2023/04/24 14:47:02.429, 84.83, 50, 6
2023/04/24 14:47:02.440, 84.83, 50, 6
2023/04/24 14:47:02.448, 84.83, 50, 6
2023/04/24 14:47:02.460, 84.33, 50, 6
2023/04/24 14:47:02.469, 84.33, 50, 6
2023/04/24 14:47:02.485, 84.33, 50, 6
2023/04/24 14:47:02.499, 84.33, 50, 6
2023/04/24 14:47:02.508, 84.33, 50, 6
2023/04/24 14:47:02.522, 84.33, 50, 6
2023/04/24 14:47:02.531, 84.33, 50, 6
2023/04/24 14:47:02.545, 84.33, 50, 6
2023/04/24 14:47:02.554, 84.33, 50, 6
2023/04/24 14:47:02.563, 83.96, 50, 6
2023/04/24 14:47:02.572, 83.96, 50, 6
2023/04/24 14:47:02.589, 83.96, 50, 6
2023/04/24 14:47:02.602, 83.96, 50, 6
2023/04/24 14:47:02.611, 83.96, 50, 6
2023/04/24 14:47:02.625, 83.96, 50, 6
2023/04/24 14:47:02.634, 83.96, 50, 6
2023/04/24 14:47:02.646, 83.96, 50, 6
2023/04/24 14:47:02.655, 83.96, 50, 6
2023/04/24 14:47:02.666, 82.88, 50, 6
2023/04/24 14:47:02.675, 82.88, 50, 6
2023/04/24 14:47:02.693, 82.88, 50, 6
2023/04/24 14:47:02.707, 82.88, 50, 6
2023/04/24 14:47:02.716, 82.88, 50, 6
2023/04/24 14:47:02.729, 82.88, 50, 6
2023/04/24 14:47:02.738, 82.88, 49, 6
2023/04/24 14:47:02.752, 82.88, 49, 6
2023/04/24 14:47:02.761, 82.88, 49, 6
2023/04/24 14:47:02.770, 79.83, 49, 6
2023/04/24 14:47:02.779, 79.83, 49, 6
2023/04/24 14:47:02.796, 79.83, 49, 6
2023/04/24 14:47:02.811, 79.83, 49, 6
2023/04/24 14:47:02.820, 79.83, 49, 6
2023/04/24 14:47:02.832, 79.83, 49, 6
2023/04/24 14:47:02.841, 79.83, 49, 6
2023/04/24 14:47:02.853, 79.83, 49, 6
2023/04/24 14:47:02.862, 79.83, 49, 6
2023/04/24 14:47:02.873, 77.03, 49, 6
2023/04/24 14:47:02.882, 77.03, 49, 6
2023/04/24 14:47:02.902, 77.03, 49, 6
2023/04/24 14:47:02.915, 77.03, 49, 6
2023/04/24 14:47:02.925, 77.03, 49, 6
2023/04/24 14:47:02.936, 77.03, 49, 6
2023/04/24 14:47:02.945, 77.03, 50, 6
2023/04/24 14:47:02.957, 77.03, 50, 6
2023/04/24 14:47:02.966, 77.03, 50, 6
2023/04/24 14:47:02.977, 76.44, 50, 6
2023/04/24 14:47:02.986, 76.44, 50, 6
2023/04/24 14:47:03.003, 76.44, 50, 6
2023/04/24 14:47:03.018, 76.44, 50, 6
2023/04/24 14:47:03.027, 76.44, 50, 6
2023/04/24 14:47:03.039, 76.44, 50, 6
2023/04/24 14:47:03.048, 76.44, 50, 6
2023/04/24 14:47:03.060, 76.44, 50, 6
2023/04/24 14:47:03.069, 76.44, 50, 6
2023/04/24 14:47:03.081, 75.06, 50, 6
2023/04/24 14:47:03.090, 75.06, 50, 6
2023/04/24 14:47:03.106, 75.06, 50, 6
2023/04/24 14:47:03.121, 75.06, 50, 6
2023/04/24 14:47:03.130, 75.06, 50, 6
2023/04/24 14:47:03.142, 75.06, 50, 6
2023/04/24 14:47:03.151, 75.06, 50, 6
2023/04/24 14:47:03.166, 75.06, 50, 6
2023/04/24 14:47:03.175, 75.06, 50, 6
2023/04/24 14:47:03.184, 73.32, 50, 6
2023/04/24 14:47:03.196, 73.32, 50, 6
2023/04/24 14:47:03.212, 73.32, 50, 6
2023/04/24 14:47:03.225, 73.32, 50, 6
2023/04/24 14:47:03.234, 73.32, 50, 6
2023/04/24 14:47:03.246, 73.32, 50, 6
2023/04/24 14:47:03.254, 73.32, 50, 6
2023/04/24 14:47:03.266, 73.32, 50, 6
2023/04/24 14:47:03.275, 73.32, 50, 6
2023/04/24 14:47:03.286, 73.32, 50, 6
2023/04/24 14:47:03.295, 73.32, 50, 6
2023/04/24 14:47:03.315, 73.32, 50, 6
2023/04/24 14:47:03.328, 73.32, 50, 6
2023/04/24 14:47:03.337, 73.32, 50, 6
2023/04/24 14:47:03.349, 73.32, 50, 6
2023/04/24 14:47:03.357, 73.32, 50, 6
2023/04/24 14:47:03.370, 73.32, 50, 6
2023/04/24 14:47:03.378, 72.33, 50, 6
2023/04/24 14:47:03.403, 72.33, 50, 6
2023/04/24 14:47:03.419, 72.33, 50, 6
2023/04/24 14:47:03.431, 72.33, 50, 6
2023/04/24 14:47:03.441, 72.33, 50, 6
2023/04/24 14:47:03.452, 72.33, 50, 6
2023/04/24 14:47:03.461, 72.33, 50, 6
2023/04/24 14:47:03.473, 72.33, 50, 6
2023/04/24 14:47:03.482, 72.33, 50, 6
2023/04/24 14:47:03.493, 73.60, 50, 6
2023/04/24 14:47:03.502, 73.60, 50, 6
2023/04/24 14:47:03.520, 73.60, 50, 6
2023/04/24 14:47:03.535, 73.60, 50, 6
2023/04/24 14:47:03.544, 73.60, 50, 6
2023/04/24 14:47:03.553, 73.60, 50, 6
2023/04/24 14:47:03.562, 73.60, 50, 6
2023/04/24 14:47:03.576, 73.60, 50, 6
2023/04/24 14:47:03.585, 73.60, 50, 6
2023/04/24 14:47:03.597, 97.10, 50, 6
2023/04/24 14:47:03.606, 97.10, 50, 6
2023/04/24 14:47:03.622, 97.10, 50, 6
2023/04/24 14:47:03.637, 97.10, 50, 6
2023/04/24 14:47:03.646, 97.10, 50, 6
2023/04/24 14:47:03.659, 97.10, 50, 6
2023/04/24 14:47:03.667, 97.10, 50, 6
2023/04/24 14:47:03.679, 97.10, 50, 6
2023/04/24 14:47:03.688, 97.10, 50, 6
2023/04/24 14:47:03.699, 127.46, 50, 6
2023/04/24 14:47:03.708, 127.46, 50, 6
2023/04/24 14:47:03.725, 127.46, 50, 6
2023/04/24 14:47:03.740, 127.46, 50, 6
2023/04/24 14:47:03.749, 127.46, 50, 6
2023/04/24 14:47:03.761, 127.46, 50, 6
2023/04/24 14:47:03.770, 127.46, 50, 6
2023/04/24 14:47:03.784, 127.46, 50, 6
2023/04/24 14:47:03.793, 127.46, 50, 6
2023/04/24 14:47:03.803, 150.38, 50, 6
2023/04/24 14:47:03.812, 150.38, 50, 6
2023/04/24 14:47:03.829, 150.38, 50, 6
2023/04/24 14:47:03.843, 150.38, 50, 6
2023/04/24 14:47:03.852, 150.38, 50, 6
2023/04/24 14:47:03.864, 150.38, 50, 6
2023/04/24 14:47:03.873, 150.38, 50, 6
2023/04/24 14:47:03.886, 150.38, 50, 6
2023/04/24 14:47:03.894, 150.38, 50, 6
2023/04/24 14:47:03.906, 177.21, 50, 6
2023/04/24 14:47:03.915, 177.21, 50, 6
2023/04/24 14:47:03.934, 177.21, 50, 6
2023/04/24 14:47:03.947, 177.21, 50, 6
2023/04/24 14:47:03.956, 177.21, 50, 6
2023/04/24 14:47:03.968, 177.21, 50, 6
2023/04/24 14:47:03.986, 177.21, 49, 6
2023/04/24 14:47:04.019, 242.14, 49, 6
2023/04/24 14:47:04.039, 242.14, 49, 6
2023/04/24 14:47:04.059, 242.14, 49, 6
2023/04/24 14:47:04.091, 242.14, 49, 6
2023/04/24 14:47:04.100, 242.14, 49, 6
2023/04/24 14:47:04.114, 216.00, 49, 6
2023/04/24 14:47:04.123, 216.00, 49, 6
2023/04/24 14:47:04.142, 216.00, 49, 6
2023/04/24 14:47:04.156, 216.00, 49, 6
2023/04/24 14:47:04.167, 216.00, 49, 6
2023/04/24 14:47:04.177, 216.00, 49, 6
2023/04/24 14:47:04.185, 216.00, 50, 6
2023/04/24 14:47:04.199, 216.00, 50, 6
2023/04/24 14:47:04.208, 216.00, 50, 6
2023/04/24 14:47:04.218, 244.38, 50, 6
2023/04/24 14:47:04.227, 244.38, 50, 6
2023/04/24 14:47:04.245, 244.38, 50, 6
2023/04/24 14:47:04.259, 244.38, 50, 6
2023/04/24 14:47:04.268, 244.38, 50, 6
2023/04/24 14:47:04.280, 244.38, 50, 6
2023/04/24 14:47:04.288, 244.38, 50, 6
2023/04/24 14:47:04.301, 244.38, 50, 6
2023/04/24 14:47:04.310, 244.38, 50, 6
2023/04/24 14:47:04.322, 253.89, 50, 6
2023/04/24 14:47:04.332, 253.89, 50, 6
2023/04/24 14:47:04.350, 253.89, 50, 6
2023/04/24 14:47:04.362, 253.89, 50, 6
2023/04/24 14:47:04.371, 253.89, 50, 6
2023/04/24 14:47:04.383, 253.89, 50, 6
2023/04/24 14:47:04.391, 253.89, 49, 6
2023/04/24 14:47:04.403, 253.89, 49, 6
2023/04/24 14:47:04.412, 253.89, 49, 6
2023/04/24 14:47:04.425, 261.35, 49, 6
2023/04/24 14:47:04.433, 261.35, 49, 6
2023/04/24 14:47:04.452, 261.35, 49, 6
2023/04/24 14:47:04.465, 261.35, 49, 6
2023/04/24 14:47:04.473, 261.35, 49, 6
2023/04/24 14:47:04.486, 261.35, 49, 6
2023/04/24 14:47:04.494, 261.35, 49, 6
2023/04/24 14:47:04.506, 261.35, 49, 6
2023/04/24 14:47:04.515, 261.35, 49, 6
2023/04/24 14:47:04.528, 276.32, 49, 6
2023/04/24 14:47:04.536, 276.32, 49, 6
2023/04/24 14:47:04.555, 276.32, 49, 6
2023/04/24 14:47:04.568, 276.32, 49, 6
2023/04/24 14:47:04.577, 276.32, 49, 6
2023/04/24 14:47:04.589, 276.32, 49, 6
2023/04/24 14:47:04.598, 276.32, 49, 6
2023/04/24 14:47:04.610, 276.32, 49, 6
2023/04/24 14:47:04.619, 276.32, 49, 6
2023/04/24 14:47:04.629, 281.62, 49, 6
2023/04/24 14:47:04.637, 281.62, 49, 6
2023/04/24 14:47:04.658, 281.62, 49, 6
2023/04/24 14:47:04.672, 281.62, 49, 6
2023/04/24 14:47:04.680, 281.62, 49, 6
2023/04/24 14:47:04.692, 281.62, 49, 6
2023/04/24 14:47:04.700, 281.62, 49, 6
2023/04/24 14:47:04.713, 281.62, 49, 6
2023/04/24 14:47:04.722, 281.62, 49, 6
2023/04/24 14:47:04.735, 293.09, 49, 6
2023/04/24 14:47:04.743, 293.09, 49, 6
2023/04/24 14:47:04.762, 293.09, 49, 6
2023/04/24 14:47:04.775, 293.09, 49, 6
2023/04/24 14:47:04.784, 293.09, 49, 6
2023/04/24 14:47:04.796, 293.09, 49, 6
2023/04/24 14:47:04.804, 293.09, 49, 6
2023/04/24 14:47:04.817, 293.09, 49, 6
2023/04/24 14:47:04.826, 293.09, 49, 6
2023/04/24 14:47:04.839, 303.46, 49, 6
2023/04/24 14:47:04.848, 303.46, 49, 6
2023/04/24 14:47:04.865, 303.46, 49, 6
2023/04/24 14:47:04.879, 303.46, 49, 6
2023/04/24 14:47:04.887, 303.46, 49, 6
2023/04/24 14:47:04.899, 303.46, 49, 6
2023/04/24 14:47:04.908, 303.46, 49, 6
2023/04/24 14:47:04.920, 303.46, 49, 6
2023/04/24 14:47:04.929, 303.46, 49, 6
2023/04/24 14:47:04.942, 293.94, 49, 6
2023/04/24 14:47:04.951, 293.94, 49, 6
2023/04/24 14:47:04.969, 293.94, 49, 6
2023/04/24 14:47:04.983, 293.94, 49, 6
2023/04/24 14:47:04.991, 293.94, 49, 6
2023/04/24 14:47:05.003, 293.94, 49, 6
2023/04/24 14:47:05.012, 293.94, 51, 6
2023/04/24 14:47:05.024, 293.94, 51, 6
2023/04/24 14:47:05.034, 293.94, 51, 6
2023/04/24 14:47:05.046, 298.08, 51, 6
2023/04/24 14:47:05.055, 298.08, 51, 6
2023/04/24 14:47:05.072, 298.08, 51, 6
2023/04/24 14:47:05.086, 298.08, 51, 6
2023/04/24 14:47:05.095, 298.08, 51, 6
2023/04/24 14:47:05.106, 298.08, 51, 6
2023/04/24 14:47:05.114, 298.08, 51, 6
2023/04/24 14:47:05.126, 298.08, 51, 6
2023/04/24 14:47:05.135, 298.08, 51, 6
2023/04/24 14:47:05.148, 302.02, 51, 6
2023/04/24 14:47:05.156, 302.02, 51, 6
2023/04/24 14:47:05.176, 302.02, 51, 6
2023/04/24 14:47:05.189, 302.02, 51, 6
2023/04/24 14:47:05.197, 302.02, 51, 6
2023/04/24 14:47:05.209, 302.02, 51, 6
2023/04/24 14:47:05.217, 302.02, 51, 6
2023/04/24 14:47:05.231, 302.02, 51, 6
2023/04/24 14:47:05.239, 302.02, 51, 6
2023/04/24 14:47:05.251, 306.90, 51, 6
2023/04/24 14:47:05.260, 306.90, 51, 6
2023/04/24 14:47:05.278, 306.90, 51, 6
2023/04/24 14:47:05.292, 306.90, 51, 6
2023/04/24 14:47:05.301, 306.90, 51, 6
2023/04/24 14:47:05.313, 306.90, 51, 6
2023/04/24 14:47:05.321, 306.90, 51, 6
2023/04/24 14:47:05.333, 306.90, 51, 6
2023/04/24 14:47:05.342, 306.90, 51, 6
2023/04/24 14:47:05.354, 72.73, 51, 6
2023/04/24 14:47:05.363, 72.73, 51, 6
2023/04/24 14:47:05.380, 72.73, 51, 6
2023/04/24 14:47:05.392, 72.73, 51, 6
2023/04/24 14:47:05.401, 72.73, 51, 6
2023/04/24 14:47:05.413, 72.73, 51, 6
2023/04/24 14:47:05.422, 72.73, 22, 3
2023/04/24 14:47:05.436, 72.73, 22, 3
2023/04/24 14:47:05.445, 72.73, 22, 3
2023/04/24 14:47:05.454, 73.60, 22, 3
2023/04/24 14:47:05.463, 73.60, 22, 3
2023/04/24 14:47:05.480, 73.60, 22, 3
2023/04/24 14:47:05.489, 73.60, 22, 3
2023/04/24 14:47:05.497, 73.60, 22, 3
2023/04/24 14:47:05.505, 73.60, 22, 3
2023/04/24 14:47:05.515, 73.60, 22, 3
2023/04/24 14:47:05.523, 73.60, 22, 3
2023/04/24 14:47:05.534, 73.60, 22, 3
2023/04/24 14:47:05.542, 73.60, 22, 3
2023/04/24 14:47:05.550, 73.60, 22, 3
2023/04/24 14:47:05.559, 74.48, 22, 3
2023/04/24 14:47:05.567, 74.48, 22, 3
2023/04/24 14:47:05.576, 74.48, 22, 3
2023/04/24 14:47:05.584, 74.48, 22, 3
2023/04/24 14:47:05.595, 74.48, 22, 3
2023/04/24 14:47:05.603, 74.48, 22, 3
2023/04/24 14:47:05.611, 74.48, 22, 3
2023/04/24 14:47:05.620, 74.48, 22, 3
2023/04/24 14:47:05.638, 74.48, 0, 0
2023/04/24 14:47:05.667, 75.96, 0, 0
2023/04/24 14:47:05.689, 75.96, 0, 0
2023/04/24 14:47:05.709, 75.96, 0, 0
2023/04/24 14:47:05.728, 75.96, 0, 0
2023/04/24 14:47:05.736, 75.96, 0, 0
2023/04/24 14:47:05.745, 75.96, 0, 0
2023/04/24 14:47:05.753, 75.96, 0, 0
2023/04/24 14:47:05.761, 73.79, 0, 0
2023/04/24 14:47:05.769, 73.79, 0, 0
2023/04/24 14:47:05.777, 73.79, 0, 0
2023/04/24 14:47:05.785, 73.79, 0, 0
2023/04/24 14:47:05.794, 73.79, 0, 0
2023/04/24 14:47:05.802, 73.79, 0, 0
2023/04/24 14:47:05.810, 73.79, 0, 0
2023/04/24 14:47:05.821, 73.79, 0, 0
2023/04/24 14:47:05.829, 73.79, 0, 0
2023/04/24 14:47:05.838, 73.79, 0, 0
2023/04/24 14:47:05.846, 73.79, 0, 0
2023/04/24 14:47:05.854, 73.79, 0, 0
2023/04/24 14:47:05.863, 73.68, 0, 0
2023/04/24 14:47:05.871, 73.68, 0, 0
2023/04/24 14:47:05.882, 73.68, 0, 0
2023/04/24 14:47:05.890, 73.68, 0, 0
2023/04/24 14:47:05.898, 73.68, 0, 0
2023/04/24 14:47:05.907, 73.68, 0, 0
2023/04/24 14:47:05.915, 73.68, 0, 0
2023/04/24 14:47:05.923, 73.68, 0, 0
2023/04/24 14:47:05.931, 73.68, 0, 0
2023/04/24 14:47:05.939, 73.68, 0, 0
2023/04/24 14:47:05.947, 73.68, 0, 0
2023/04/24 14:47:05.956, 73.68, 0, 0
2023/04/24 14:47:05.964, 73.70, 0, 0
2023/04/24 14:47:05.972, 73.70, 0, 0
2023/04/24 14:47:05.983, 73.70, 0, 0
2023/04/24 14:47:05.991, 73.70, 0, 0
2023/04/24 14:47:06.000, 73.70, 0, 0
2023/04/24 14:47:06.008, 73.70, 0, 0
2023/04/24 14:47:06.016, 73.70, 0, 0
2023/04/24 14:47:06.024, 73.70, 0, 0
2023/04/24 14:47:06.033, 73.70, 0, 0
2023/04/24 14:47:06.051, 73.70, 0, 0
2023/04/24 14:47:06.060, 73.70, 0, 0
2023/04/24 14:47:06.068, 74.18, 0, 0
2023/04/24 14:47:06.076, 74.18, 0, 0
2023/04/24 14:47:06.086, 74.18, 0, 0
2023/04/24 14:47:06.094, 74.18, 0, 0
2023/04/24 14:47:06.105, 74.18, 0, 0
2023/04/24 14:47:06.113, 74.18, 0, 0
2023/04/24 14:47:06.121, 74.18, 0, 0
2023/04/24 14:47:06.129, 74.18, 0, 0
2023/04/24 14:47:06.137, 74.18, 0, 0
2023/04/24 14:47:06.146, 74.18, 0, 0
2023/04/24 14:47:06.154, 74.18, 0, 0
2023/04/24 14:47:06.163, 74.18, 0, 0
2023/04/24 14:47:06.171, 73.78, 0, 0
2023/04/24 14:47:06.179, 73.78, 0, 0
2023/04/24 14:47:06.187, 73.78, 0, 0
2023/04/24 14:47:06.195, 73.78, 0, 0
2023/04/24 14:47:06.206, 73.78, 0, 0
2023/04/24 14:47:06.214, 73.78, 0, 0
2023/04/24 14:47:06.222, 73.78, 0, 0
2023/04/24 14:47:06.231, 73.78, 0, 0
2023/04/24 14:47:06.239, 73.78, 0, 0
2023/04/24 14:47:06.249, 73.78, 0, 0
2023/04/24 14:47:06.257, 73.78, 0, 0
2023/04/24 14:47:06.268, 73.70, 0, 0
2023/04/24 14:47:06.276, 73.70, 0, 0
2023/04/24 14:47:06.288, 73.70, 0, 0
2023/04/24 14:47:06.296, 73.70, 0, 0
2023/04/24 14:47:06.304, 73.70, 0, 0
2023/04/24 14:47:06.312, 73.70, 0, 0
2023/04/24 14:47:06.320, 73.70, 0, 0
2023/04/24 14:47:06.329, 73.70, 0, 0
2023/04/24 14:47:06.338, 73.70, 0, 0
2023/04/24 14:47:06.348, 73.70, 0, 0
2023/04/24 14:47:06.357, 73.70, 0, 0
2023/04/24 14:47:06.369, 76.04, 0, 0
2023/04/24 14:47:06.377, 76.04, 0, 0
2023/04/24 14:47:06.386, 76.04, 0, 0
2023/04/24 14:47:06.394, 76.04, 0, 0
2023/04/24 14:47:06.402, 76.04, 0, 0
2023/04/24 14:47:06.410, 76.04, 0, 0
2023/04/24 14:47:06.418, 76.04, 0, 0
2023/04/24 14:47:06.429, 76.04, 0, 0
2023/04/24 14:47:06.437, 76.04, 0, 0
2023/04/24 14:47:06.447, 76.04, 20, 0
2023/04/24 14:47:06.455, 76.04, 20, 0
2023/04/24 14:47:06.463, 76.04, 20, 0
2023/04/24 14:47:06.472, 73.49, 20, 0
2023/04/24 14:47:06.480, 73.49, 20, 0
2023/04/24 14:47:06.491, 73.49, 20, 0
2023/04/24 14:47:06.499, 73.49, 20, 0
2023/04/24 14:47:06.507, 73.49, 20, 0
2023/04/24 14:47:06.517, 73.49, 20, 0
2023/04/24 14:47:06.530, 73.49, 20, 0
2023/04/24 14:47:06.539, 73.49, 20, 0
2023/04/24 14:47:06.551, 73.49, 20, 0
2023/04/24 14:47:06.559, 73.49, 20, 0
2023/04/24 14:47:06.571, 75.36, 20, 0
2023/04/24 14:47:06.580, 75.36, 20, 0
2023/04/24 14:47:06.592, 75.36, 20, 0
2023/04/24 14:47:06.601, 75.36, 20, 0
2023/04/24 14:47:06.612, 75.36, 20, 0
2023/04/24 14:47:06.620, 75.36, 20, 0
2023/04/24 14:47:06.628, 76.04, 0, 0
